Date,Open,High,Low,Close,Volume,Adj Close
2013-02-01 00:00,20.41,21.13,19.63,20.36,100,20.36
2013-02-02 00:00,20.38,20.5,18.23,19.62,100,19.62
2013-02-03 00:00,19.48,20.9,19.42,20.55,100,20.55
2013-02-04 00:00,20.55,21.0,19.85,20.44,100,20.44
2013-02-05 00:00,20.45,20.75,20.2,20.75,100,20.75
2013-02-06 00:00,20.75,21.33,20.61,21.02,100,21.02
2013-02-07 00:00,21.11,22.22,20.77,22.1,100,22.1
2013-02-08 00:00,22.1,22.78,22.0,22.63,100,22.63
2013-02-09 00:00,22.63,23.99,22.58,23.83,100,23.83
2013-02-10 00:00,23.83,24.11,22.68,24.05,100,24.05
2013-02-11 00:00,24.0,24.67,23.65,24.5,100,24.5
2013-02-12 00:00,24.5,25.8,24.31,25.25,100,25.25
2013-02-13 00:00,25.24,26.3,23.04,23.1,100,23.1
2013-02-14 00:00,23.02,27.5,21.72,27.1,100,27.1
2013-02-15 00:00,27.18,27.5,26.11,27.24,100,27.24
2013-02-16 00:00,27.24,27.5,26.81,27.36,100,27.36
2013-02-17 00:00,27.3,27.38,25.0,26.75,100,26.75
2013-02-18 00:00,26.62,27.03,26.42,26.81,100,26.81
2013-02-19 00:00,27.0,29.65,26.86,29.4,100,29.4
2013-02-20 00:00,29.31,29.87,29.0,29.73,100,29.73
2013-02-21 00:00,29.73,29.98,29.32,29.7,100,29.7
2013-02-22 00:00,29.7,31.3,29.68,30.69,100,30.69
2013-02-23 00:00,30.23,30.53,28.0,29.6,100,29.6
2013-02-24 00:00,29.6,30.4,29.2,29.8,100,29.8
2013-02-25 00:00,29.75,30.4,29.55,30.3,100,30.3
2013-02-26 00:00,30.3,31.7,30.12,31.2,100,31.2
2013-02-27 00:00,31.2,32.44,30.8,32.44,100,32.44
2013-02-28 00:00,32.49,34.52,31.0,33.4,100,33.4
2013-03-01 00:00,33.4,34.9,32.92,34.6,100,34.6
2013-03-02 00:00,34.6,34.8,33.17,34.26,100,34.26
2013-03-03 00:00,34.1,34.5,33.8,34.31,100,34.31
2013-03-04 00:00,34.5,36.7,34.19,36.22,100,36.22
2013-03-05 00:00,36.22,40.9,36.15,40.67,100,40.67
2013-03-06 00:00,40.9,49.1,34.0,35.5,100,35.5
2013-03-07 00:00,35.49,45.46,35.0,42.19,100,42.19
2013-03-08 00:00,42.18,44.5,41.33,43.95,100,43.95
2013-03-09 00:00,43.53,46.99,43.41,46.97,100,46.97
2013-03-10 00:00,46.7,47.95,45.47,46.1,100,46.1
2013-03-11 00:00,46.1,48.47,44.2899,48.4,100,48.4
2013-03-12 00:00,48.4,48.4,36.8,44.25,100,44.25
2013-03-13 00:00,44.3,47.27,43.9,47.0,100,47.0
2013-03-14 00:00,47.0,47.99,46.2,47.17,100,47.17
2013-03-15 00:00,47.17,47.45,46.4,46.8,100,46.8
2013-03-16 00:00,46.8,47.35,46.27,47.3,100,47.3
2013-03-17 00:00,47.3,47.74,46.81,47.7,100,47.7
2013-03-18 00:00,47.7,52.87,47.12,50.8,100,50.8
2013-03-19 00:00,50.83,61.0,50.23,59.89,100,59.89
2013-03-20 00:00,59.45,65.99,57.7,63.94,100,63.94
2013-03-21 00:00,64.2,74.72,63.1,70.87,100,70.87
2013-03-22 00:00,70.87,73.75,65.0,69.46,100,69.46
2013-03-23 00:00,69.99,70.41,52.8,63.65,100,63.65
2013-03-24 00:00,63.2,72.4,62.7,70.9,100,70.9
2013-03-25 00:00,70.6,78.0,69.72,73.5,100,73.5
2013-03-26 00:00,73.73,79.72,73.12,78.54,100,78.54
2013-03-27 00:00,78.63,89.5,78.63,89.22,100,89.22
2013-03-28 00:00,89.4,95.5,75.04,85.05,100,85.05
2013-03-29 00:00,86.87,93.0,85.36,90.14,100,90.14
2013-03-30 00:00,90.15,94.98,87.05,92.5,100,92.5
2013-03-31 00:00,92.9,104.0,91.0,93.38,100,93.38
2013-04-01 00:00,93.38,105.92,92.5,102.5,100,102.5
2013-04-02 00:00,102.55,118.2,99.0,117.6,100,117.6
2013-04-03 00:00,117.6,147.0,110.0,125.0,100,125.0
2013-04-04 00:00,124.84,142.12,117.57,131.98,100,131.98
2013-04-05 00:00,130.41,144.5,130.41,142.0,100,142.0
2013-04-06 00:00,142.44,144.0,139.6,143.89,100,143.89
2013-04-07 00:00,143.82,169.7,143.01,169.32,100,169.32
2013-04-08 00:00,169.3,194.9,166.69,189.9,100,189.9
2013-04-09 00:00,189.9,240.11,188.64,235.39,100,235.39
2013-04-10 00:00,235.39,266.0,105.0,173.9,100,173.9
2013-04-11 00:00,174.0,188.46,110.2,127.75,100,127.75
2013-04-12 00:00,127.75,140.0,54.66,106.0,100,106.0
2013-04-13 00:00,108.0,121.4,85.5,98.5,100,98.5
2013-04-14 00:00,98.69,107.52,82.386,94.83,100,94.83
2013-04-15 00:00,95.4,102.0,71.51,76.0,100,76.0
2013-04-16 00:00,75.3,82.39,50.11,65.87,100,65.87
2013-04-17 00:00,65.89,98.78,65.1,94.84,100,94.84
2013-04-18 00:00,94.89,112.65,87.9,110.25,100,110.25
2013-04-19 00:00,110.01,136.0,109.8,116.45,100,116.45
2013-04-20 00:00,117.0,131.11,115.24,126.6,100,126.6
2013-04-21 00:00,126.65,129.0,110.01,120.74,100,120.74
2013-04-22 00:00,121.0,129.15,120.0,128.0,100,128.0
2013-04-23 00:00,127.95,145.33,126.37,145.12,100,145.12
2013-04-24 00:00,145.2,166.4,141.71,156.49,100,156.49
2013-04-25 00:00,156.38,161.88,121.51,136.0,100,136.0
2013-04-26 00:00,136.25,139.0,122.0,135.46,100,135.46
2013-04-27 00:00,135.99,138.99,125.62,130.93,100,130.93
2013-04-28 00:00,130.0,136.68,129.02,135.5,100,135.5
2013-04-29 00:00,135.74,147.9,133.31,144.88,100,144.88
2013-04-30 00:00,144.78,146.93,116.38,138.2,100,138.2
2013-05-01 00:00,137.5,138.6,104.02,113.99,100,113.99
2013-05-02 00:00,114.0,126.9,92.0,105.0,100,105.0
2013-05-03 00:00,105.0,105.46,79.0,95.2,100,95.2
2013-05-04 00:00,95.2,117.07,94.0,117.0,100,117.0
2013-05-05 00:00,118.09,119.0,107.0,119.0,100,119.0
2013-05-06 00:00,118.0,124.66,106.01,110.0,100,110.0
2013-05-07 00:00,110.27,115.0,97.7,115.0,100,115.0
2013-05-08 00:00,113.87,116.28,109.0,109.53,100,109.53
2013-05-09 00:00,109.53,113.46,108.81,111.85,100,111.85
2013-05-10 00:00,112.0,122.06,111.56,117.6,100,117.6
2013-05-11 00:00,117.9,118.74,113.01,115.75,100,115.75
2013-05-12 00:00,115.75,117.46,113.0,116.5,100,116.5
2013-05-13 00:00,116.49,118.78,114.5,117.6,100,117.6
2013-05-14 00:00,117.6,119.8,103.4,107.85,100,107.85
2013-05-15 00:00,107.98,116.44,104.0,115.0,100,115.0
2013-05-16 00:00,114.81,118.89,112.2,117.99,100,117.99
2013-05-17 00:00,117.89,125.3,116.57,124.41,100,124.41
2013-05-18 00:00,124.41,125.31,122.5,123.61,100,123.61
2013-05-19 00:00,123.61,124.5,119.55,122.0,100,122.0
2013-05-20 00:00,122.6,123.62,120.11,122.87,100,122.87
2013-05-21 00:00,122.88,123.08,121.12,122.77,100,122.77
2013-05-22 00:00,122.77,124.5,122.0,124.44,100,124.44
2013-05-23 00:00,124.44,126.93,123.7,126.8,100,126.8
2013-05-24 00:00,126.5,133.98,125.61,132.7,100,132.7
2013-05-25 00:00,132.7,133.2,128.22,131.87,100,131.87
2013-05-26 00:00,132.0,136.0,129.77,134.05,100,134.05
2013-05-27 00:00,133.7,135.47,124.33,128.7,100,128.7
2013-05-28 00:00,128.7,129.9,125.41,129.2,100,129.2
2013-05-29 00:00,129.0,132.67,127.66,131.0,100,131.0
2013-05-30 00:00,131.0,131.99,126.65,129.15,100,129.15
2013-05-31 00:00,129.15,130.0,126.33,129.01,100,129.01
2013-06-01 00:00,129.1,129.4,122.5,128.76,100,128.76
2013-06-02 00:00,128.96,130.0,115.01,120.19,100,120.19
2013-06-03 00:00,120.8,123.3,115.97,123.11,100,123.11
2013-06-04 00:00,123.11,123.98,119.1,121.57,100,121.57
2013-06-05 00:00,121.57,123.49,118.9699,122.04,100,122.04
2013-06-06 00:00,122.1,123.3,117.1,118.8,100,118.8
2013-06-07 00:00,118.79,119.0,106.25,108.66,100,108.66
2013-06-08 00:00,108.74,110.99,107.0,108.01,100,108.01
2013-06-09 00:00,108.01,108.63,88.5,97.29,100,97.29
2013-06-10 00:00,97.28,110.63,95.0,105.04,100,105.04
2013-06-11 00:00,105.15,109.6,104.0,107.69,100,107.69
2013-06-12 00:00,107.69,111.9,107.5,109.87,100,109.87
2013-06-13 00:00,109.87,110.3,100.0,103.99,100,103.99
2013-06-14 00:00,104.0,104.7,97.5,99.93,100,99.93
2013-06-15 00:00,99.93,103.7,98.4,100.19,100,100.19
2013-06-16 00:00,100.19,101.75,98.9,100.5,100,100.5
2013-06-17 00:00,100.33,102.4,99.42,101.65,100,101.65
2013-06-18 00:00,101.65,112.0,101.33,106.69,100,106.69
2013-06-19 00:00,107.07,110.6,105.93,108.8,100,108.8
2013-06-20 00:00,108.8,114.82,107.5,112.36,100,112.36
2013-06-21 00:00,113.32,115.0,107.57,108.73,100,108.73
2013-06-22 00:00,108.73,109.68,106.75,107.5,100,107.5
2013-06-23 00:00,107.5,108.8,102.09,106.72,100,106.72
2013-06-24 00:00,107.88,109.4,100.42,103.8,100,103.8
2013-06-25 00:00,103.8,108.0,101.51,104.8,100,104.8
2013-06-26 00:00,104.9,105.49,102.5,102.83,100,102.83
2013-06-27 00:00,102.83,103.59,99.03,100.0,100,100.0
2013-06-28 00:00,100.0,100.99,92.33,97.05,100,97.05
2013-06-29 00:00,96.62,100.28,93.81,95.8,100,95.8
2013-06-30 00:00,95.8,98.12,89.86,90.34,100,90.34
2013-07-01 00:00,90.34,90.75,82.4,84.76,100,84.76
2013-07-02 00:00,84.76,89.19,83.38,88.0,100,88.0
2013-07-03 00:00,88.0,88.0,72.57,76.22,100,76.22
2013-07-04 00:00,76.22,79.95,72.77,75.65,100,75.65
2013-07-05 00:00,75.65,77.15,65.31,66.61,100,66.61
2013-07-06 00:00,66.61,69.88,64.25,65.7,100,65.7
2013-07-07 00:00,66.13,75.4,62.9,74.22,100,74.22
2013-07-08 00:00,74.22,76.92,73.28,74.12,100,74.12
2013-07-09 00:00,74.12,76.44,72.44,75.04,100,75.04
2013-07-10 00:00,75.04,87.43,75.01,86.2,100,86.2
2013-07-11 00:00,86.04,94.98,84.36,94.94,100,94.94
2013-07-12 00:00,94.85,98.58,85.99,87.29,100,87.29
2013-07-13 00:00,87.18,92.32,86.22,90.73,100,90.73
2013-07-14 00:00,90.73,92.78,89.31,90.6,100,90.6
2013-07-15 00:00,90.6,94.85,89.68,93.47,100,93.47
2013-07-16 00:00,93.45,93.75,90.9,92.58,100,92.58
2013-07-17 00:00,92.6,93.39,85.4298,86.16,100,86.16
2013-07-18 00:00,86.16,90.44,81.28,85.23,100,85.23
2013-07-19 00:00,85.33,86.71,84.56,85.77,100,85.77
2013-07-20 00:00,85.77,86.41,85.05,85.69,100,85.69
2013-07-21 00:00,85.69,86.19,85.01,85.84,100,85.84
2013-07-22 00:00,85.84,86.71,84.49,86.71,100,86.71
2013-07-23 00:00,86.66,87.85,84.69,87.22,100,87.22
2013-07-24 00:00,87.22,87.72,86.49,87.31,100,87.31
2013-07-25 00:00,87.32,90.21,86.37,88.99,100,88.99
2013-07-26 00:00,88.99,91.67,88.76,89.09,100,89.09
2013-07-27 00:00,89.09,90.4,88.4,88.41,100,88.41
2013-07-28 00:00,88.41,92.86,88.2,91.9,100,91.9
2013-07-29 00:00,91.93,93.36,90.91,92.47,100,92.47
2013-07-30 00:00,92.47,98.22,92.43,98.22,100,98.22
2013-08-01 00:00,98.22,100.36,95.97,98.02,100,98.02
2013-08-02 00:00,98.02,98.53,95.97,96.77,100,96.77
2013-08-03 00:00,96.77,99.1,95.65,96.49,100,96.49
2013-08-04 00:00,96.5,97.45,95.64,96.21,100,96.21
2013-08-05 00:00,96.21,97.29,96.02,97.29,100,97.29
2013-08-06 00:00,97.29,98.24,96.06,97.29,100,97.29
2013-08-07 00:00,97.29,98.09,96.78,97.19,100,97.19
2013-08-08 00:00,97.18,98.15,96.29,96.52,100,96.52
2013-08-09 00:00,96.52,96.78,93.36,94.58,100,94.58
2013-08-10 00:00,94.58,95.01,92.46,93.9,100,93.9
2013-08-11 00:00,93.94,94.48,92.57,93.9,100,93.9
2013-08-12 00:00,93.9,94.59,93.2,94.21,100,94.21
2013-08-13 00:00,94.21,95.59,93.53,95.18,100,95.18
2013-08-14 00:00,95.18,99.19,94.64,99.18,100,99.18
2013-08-15 00:00,99.18,100.84,97.545,99.1,100,99.1
2013-08-16 00:00,99.1,99.79,97.39,97.65,100,97.65
2013-08-17 00:00,97.65,99.0,96.95,97.8,100,97.8
2013-08-18 00:00,97.78,99.68,97.63,99.09,100,99.09
2013-08-19 00:00,99.09,102.2997,98.38,99.8,100,99.8
2013-08-20 00:00,99.8,104.01,99.56,102.5,100,102.5
2013-08-21 00:00,102.5,106.55,101.89,105.53,100,105.53
2013-08-22 00:00,105.52,112.54,105.32,111.26,100,111.26
2013-08-23 00:00,111.26,112.8,107.5475,108.3,100,108.3
2013-08-24 00:00,108.3,109.37,106.04,107.43,100,107.43
2013-08-25 00:00,107.43,110.02,107.08,109.34,100,109.34
2013-08-26 00:00,109.34,112.47,109.33,111.85,100,111.85
2013-08-27 00:00,111.85,114.42,110.38,114.26,100,114.26
2013-08-28 00:00,114.24,118.07,113.8,117.55,100,117.55
2013-08-29 00:00,117.54,118.36,116.38,116.83,100,116.83
2013-08-30 00:00,116.83,117.92,116.62,117.64,100,117.64
2013-08-31 00:00,117.64,124.06,117.15,122.83,100,122.83
2013-09-01 00:00,122.83,130.15,122.72,126.9,100,126.9
2013-09-02 00:00,126.87,128.88,126.87,127.76,100,127.76
2013-09-03 00:00,127.7,130.59,125.69,127.39,100,127.39
2013-09-04 00:00,127.42,128.88,120.5738,126.97,100,126.97
2013-09-05 00:00,126.99,127.01,114.53,119.8,100,119.8
2013-09-06 00:00,119.78,123.68,116.321,120.72,100,120.72
2013-09-07 00:00,120.76,122.22,115.34,116.27,100,116.27
2013-09-08 00:00,116.27,120.17,115.83,119.18,100,119.18
2013-09-09 00:00,119.25,119.29,116.59,116.76,100,116.76
2013-09-10 00:00,116.77,122.55,116.52,120.86,100,120.86
2013-09-11 00:00,120.76,123.81,119.88,119.95,100,119.95
2013-09-12 00:00,119.82,126.99,119.38,126.26,100,126.26
2013-09-13 00:00,126.25,127.92,124.12,125.94,100,125.94
2013-09-14 00:00,125.96,128.39,124.0813,126.18,100,126.18
2013-09-15 00:00,126.18,126.5,123.18,123.37,100,123.37
2013-09-16 00:00,123.14,125.18,122.89,124.78,100,124.78
2013-09-17 00:00,124.78,127.5,124.38,125.72,100,125.72
2013-09-18 00:00,125.74,127.23,125.24,126.18,100,126.18
2013-09-19 00:00,126.22,128.06,125.63,126.09,100,126.09
2013-09-20 00:00,126.1,126.99,122.78,123.13,100,123.13
2013-09-21 00:00,123.14,124.93,122.17,122.56,100,122.56
2013-09-22 00:00,122.54,124.33,121.96,122.3,100,122.3
2013-09-23 00:00,122.3,123.26,122.13,122.94,100,122.94
2013-09-24 00:00,122.9,123.96,121.87,122.1,100,122.1
2013-09-25 00:00,122.1,123.9,121.37,123.85,100,123.85
2013-09-26 00:00,123.85,125.24,123.02,123.51,100,123.51
2013-09-27 00:00,123.51,124.29,122.34,124.03,100,124.03
2013-09-28 00:00,123.96,126.18,122.1,124.28,100,124.28
2013-09-29 00:00,124.28,125.11,123.23,124.67,100,124.67
2013-09-30 00:00,124.71,126.46,123.0983,124.91,100,124.91
2013-10-01 00:00,124.84,124.94,120.69,123.8,100,123.8
2013-10-02 00:00,123.96,125.76,123.77,125.3,100,125.3
2013-10-03 00:00,125.3,125.59,82.0,109.83,100,109.83
2013-10-04 00:00,109.78,118.73,107.06,118.1,100,118.1
2013-10-05 00:00,118.13,123.62,118.01,121.62,100,121.62
2013-10-06 00:00,121.55,121.85,120.49,120.75,100,120.75
2013-10-07 00:00,120.75,121.99,120.43,121.63,100,121.63
2013-10-08 00:00,121.63,123.74,121.52,123.56,100,123.56
2013-10-09 00:00,123.56,124.78,122.59,124.13,100,124.13
2013-10-10 00:00,124.13,128.02,123.88,125.76,100,125.76
2013-10-11 00:00,125.76,126.44,124.11,124.98,100,124.98
2013-10-12 00:00,125.06,126.15,123.13,125.92,100,125.92
2013-10-13 00:00,125.92,126.9,125.28,126.5,100,126.5
2013-10-14 00:00,126.5,136.64,126.31,133.87,100,133.87
2013-10-15 00:00,133.87,135.69,130.39,133.2,100,133.2
2013-10-16 00:00,133.2,144.36,133.02,144.35,100,144.35
2013-10-17 00:00,144.45,146.68,136.27,139.26,100,139.26
2013-10-18 00:00,139.24,144.31,139.08,142.91,100,142.91
2013-10-19 00:00,142.85,156.39,142.52,155.6,100,155.6
2013-10-20 00:00,155.85,167.08,155.34,161.38,100,161.38
2013-10-21 00:00,161.38,165.69,159.9,165.56,100,165.56
2013-10-22 00:00,165.58,179.85,163.26,179.46,100,179.46
2013-10-23 00:00,179.53,190.08,176.8,187.45,100,187.45
2013-10-24 00:00,187.52,202.34,172.68,184.28,100,184.28
2013-10-25 00:00,184.24,194.45,157.71,179.5,100,179.5
2013-10-26 00:00,179.46,182.07,162.56,176.51,100,176.51
2013-10-27 00:00,176.4,180.32,174.89,175.59,100,175.59
2013-10-28 00:00,175.71,189.12,174.9,188.34,100,188.34
2013-10-29 00:00,188.33,193.76,187.93,192.22,100,192.22
2013-10-30 00:00,192.23,198.41,191.7,195.86,100,195.86
2013-10-31 00:00,195.77,198.79,192.74,196.18,100,196.18
2013-11-01 00:00,196.09,198.57,195.03,197.77,100,197.77
2013-11-02 00:00,197.77,200.33,195.48,199.87,100,199.87
2013-11-03 00:00,199.87,202.05,198.5,200.97,100,200.97
2013-11-04 00:00,200.97,211.17,200.63,209.83,100,209.83
2013-11-05 00:00,209.83,227.03,209.67,226.11,100,226.11
2013-11-06 00:00,226.06,250.32,225.7,248.29,100,248.29
2013-11-07 00:00,248.29,277.42,246.69,274.88,100,274.88
2013-11-08 00:00,274.49,308.37,266.32,290.49,100,290.49
2013-11-09 00:00,289.95,343.68,289.95,342.15,100,342.15
2013-11-10 00:00,341.34,355.23,266.83,309.41,100,309.41
2013-11-11 00:00,309.13,324.67,260.7,324.67,100,324.67
2013-11-12 00:00,324.53,345.39,317.47,343.83,100,343.83
2013-11-13 00:00,343.83,363.15,339.81,362.84,100,362.84
2013-11-14 00:00,362.03,409.51,362.03,403.52,100,403.52
2013-11-15 00:00,403.57,418.91,397.36,415.67,100,415.67
2013-11-16 00:00,415.72,427.9,386.56,420.7,100,420.7
2013-11-17 00:00,420.7,457.16,420.2,452.28,100,452.28
2013-11-18 00:00,452.26,546.43,452.26,525.73,100,525.73
2013-11-19 00:00,522.79,781.83,513.48,662.32,100,662.32
2013-11-20 00:00,663.13,663.13,394.91,456.53,100,456.53
2013-11-21 00:00,456.3,625.56,389.5,615.87,100,615.87
2013-11-22 00:00,613.9,714.45,594.79,699.51,100,699.51
2013-11-23 00:00,698.76,808.66,668.67,792.0,100,792.0
2013-11-24 00:00,792.25,831.76,691.69,719.5,100,719.5
2013-11-25 00:00,720.03,824.05,699.94,773.06,100,773.06
2013-11-26 00:00,772.4,832.95,739.84,807.66,100,807.66
2013-11-27 00:00,807.33,907.63,803.39,881.9,100,881.9
2013-11-28 00:00,882.38,974.5,870.39,931.58,100,931.58
2013-11-29 00:00,931.59,1118.19,931.04,1062.09,100,1062.09
2013-11-30 00:00,1062.84,1157.5,1058.6,1139.93,100,1139.93
2013-12-01 00:00,1138.8,1165.89,983.78,1063.01,100,1063.01
2013-12-02 00:00,1064.18,1101.61,783.69,1003.22,100,1003.22
2013-12-03 00:00,1004.99,1062.42,929.95,1059.35,100,1059.35
2013-12-04 00:00,1058.07,1123.17,1041.16,1091.09,100,1091.09
2013-12-05 00:00,1093.02,1151.3,870.38,876.12,100,876.12
2013-12-06 00:00,879.52,1078.67,878.9,1031.94,100,1031.94
2013-12-07 00:00,1033.44,1034.59,558.08,653.84,100,653.84
2013-12-08 00:00,651.57,836.75,636.72,775.7,100,775.7
2013-12-09 00:00,779.0,925.27,703.84,895.86,100,895.86
2013-12-10 00:00,896.19,948.68,854.88,916.29,100,916.29
2013-12-11 00:00,916.24,1013.12,883.2617,909.36,100,909.36
2013-12-12 00:00,910.19,939.9,832.23,863.98,100,863.98
2013-12-13 00:00,865.36,933.17,842.68,926.48,100,926.48
2013-12-14 00:00,925.0,928.16,859.45,878.86,100,878.86
2013-12-15 00:00,879.09,882.11,819.44,836.4,100,836.4
2013-12-16 00:00,836.35,886.24,825.45,825.45,100,825.45
2013-12-17 00:00,824.77,844.03,636.15,704.03,100,704.03
2013-12-18 00:00,704.77,726.87,465.28,465.28,100,465.28
2013-12-19 00:00,459.7,626.16,422.5,624.13,100,624.13
2013-12-20 00:00,625.16,733.24,616.18,696.98,100,696.98
2013-12-21 00:00,698.47,707.21,598.06,620.19,100,620.19
2013-12-22 00:00,620.93,671.59,580.73,659.26,100,659.26
2013-12-23 00:00,657.64,665.8,613.45,637.49,100,637.49
2013-12-24 00:00,637.17,685.37,632.54,668.19,100,668.19
2013-12-25 00:00,668.89,679.35,645.78,667.28,100,667.28
2013-12-26 00:00,667.9,727.39,667.09,723.15,100,723.15
2013-12-27 00:00,722.87,780.94,710.58,750.82,100,750.82
2013-12-28 00:00,750.37,772.91,723.99,746.29,100,746.29
2013-12-29 00:00,745.8,753.83,705.1,720.5,100,720.5
2013-12-30 00:00,721.04,759.64,717.61,750.23,100,750.23
2013-12-31 00:00,749.61,763.83,733.19,752.68,100,752.68
2014-01-01 00:00,752.69,787.63,747.13,752.41,100,752.41
2014-01-02 00:00,752.68,774.19,752.68,774.04,100,774.04
2014-01-03 00:00,774.08,833.54,773.02,832.77,100,832.77
2014-01-04 00:00,832.37,840.15,808.82,827.06,100,827.06
2014-01-05 00:00,826.82,874.06,826.64,863.72,100,863.72
2014-01-06 00:00,863.49,1023.31,862.22,1003.85,100,1003.85
2014-01-07 00:00,1002.31,1006.84,914.77,924.33,100,924.33
2014-01-08 00:00,926.46,941.25,788.94,884.26,100,884.26
2014-01-09 00:00,883.17,886.05,825.49,851.87,100,851.87
2014-01-10 00:00,852.74,870.73,814.34,849.93,100,849.93
2014-01-11 00:00,850.31,925.58,841.02,923.16,100,923.16
2014-01-12 00:00,923.37,940.75,873.2635,885.39,100,885.39
2014-01-13 00:00,884.51,901.63,843.64,847.06,100,847.06
2014-01-14 00:00,845.93,875.08,821.24,856.95,100,856.95
2014-01-15 00:00,856.77,889.18,839.18,876.08,100,876.08
2014-01-16 00:00,875.37,893.75,847.3735,863.07,100,863.07
2014-01-17 00:00,863.35,873.41,829.34,835.21,100,835.21
2014-01-18 00:00,834.98,850.31,810.43,850.06,100,850.06
2014-01-19 00:00,849.67,850.6,834.87,845.62,100,845.62
2014-01-20 00:00,845.45,897.56,843.87,877.24,100,877.24
2014-01-21 00:00,877.15,880.61,858.11,869.92,100,869.92
2014-01-22 00:00,870.3,895.96,861.1,862.92,100,862.92
2014-01-23 00:00,863.1,884.5,854.35,862.14,100,862.14
2014-01-24 00:00,861.22,862.21,788.08,825.49,100,825.49
2014-01-25 00:00,824.98,877.33,785.01,843.01,100,843.01
2014-01-26 00:00,842.74,889.04,841.06,866.43,100,866.43
2014-01-27 00:00,866.33,899.36,864.44,870.57,100,870.57
2014-01-28 00:00,870.57,871.48,798.22,840.64,100,840.64
2014-01-29 00:00,842.98,879.1,784.08,837.73,100,837.73
2014-01-30 00:00,837.54,862.62,816.36,824.95,100,824.95
2014-01-31 00:00,824.46,875.27,819.42,848.35,100,848.35
2014-02-01 00:00,848.03,874.36,842.22,853.5,100,853.5
2014-02-02 00:00,853.94,880.39,851.83,859.86,100,859.86
2014-02-03 00:00,859.5,884.79,843.86,850.8,100,850.8
2014-02-04 00:00,850.7,874.68,841.44,844.24,100,844.24
2014-02-05 00:00,844.65,864.59,820.867,840.4,100,840.4
2014-02-06 00:00,840.4,862.14,783.2,800.39,100,800.39
2014-02-07 00:00,799.9,818.21,658.87,710.45,100,710.45
2014-02-08 00:00,711.2,756.3,679.32,706.77,100,706.77
2014-02-09 00:00,707.46,710.72,657.94,697.61,100,697.61
2014-02-10 00:00,692.95,708.79,535.78,600.28,100,600.28
2014-02-11 00:00,597.39,713.07,594.36,704.85,100,704.85
2014-02-12 00:00,703.93,704.34,633.87,654.46,100,654.46
2014-02-13 00:00,653.05,667.67,598.4075,646.65,100,646.65
2014-02-14 00:00,646.78,654.91,532.8,612.84,100,612.84
2014-02-15 00:00,612.26,708.22,609.78,639.52,100,639.52
2014-02-16 00:00,639.52,667.54,616.59,621.72,100,621.72
2014-02-17 00:00,620.39,652.51,576.34,650.24,100,650.24
2014-02-18 00:00,651.32,653.91,614.78,614.78,100,614.78
2014-02-19 00:00,612.99,629.9,608.03,615.03,100,615.03
2014-02-20 00:00,614.95,635.42,582.31,589.68,100,589.68
2014-02-21 00:00,589.85,599.12,525.41,578.43,100,578.43
2014-02-22 00:00,580.89,583.32,541.12,565.41,100,565.41
2014-02-23 00:00,565.42,637.49,559.7,617.13,100,617.13
2014-02-24 00:00,617.12,627.53,556.0,580.28,100,580.28
2014-02-25 00:00,580.1,580.58,418.78,495.61,100,495.61
2014-02-26 00:00,497.29,604.19,484.9,560.83,100,560.83
2014-02-27 00:00,560.33,593.35,549.23,573.58,100,573.58
2014-02-28 00:00,573.69,594.1,544.62,544.62,100,544.62
2014-03-01 00:00,545.01,577.1,536.06,552.72,100,552.72
2014-03-02 00:00,552.72,573.65,551.17,560.9,100,560.9
2014-03-03 00:00,560.97,597.07,547.83,585.26,100,585.26
2014-03-04 00:00,585.26,691.5,582.38,687.0,100,687.0
2014-03-05 00:00,687.27,698.55,643.67,654.96,100,654.96
2014-03-06 00:00,655.06,666.63,648.4,658.0,100,658.0
2014-03-07 00:00,658.0,659.56,625.8278,636.78,100,636.78
2014-03-08 00:00,636.57,637.45,609.11,616.2,100,616.2
2014-03-09 00:00,616.33,622.77,601.32,620.81,100,620.81
2014-03-10 00:00,620.85,645.3,620.45,622.15,100,622.15
2014-03-11 00:00,622.15,629.63,611.4,626.85,100,626.85
2014-03-12 00:00,626.85,645.9,615.53,631.72,100,631.72
2014-03-13 00:00,632.06,641.61,628.02,638.39,100,638.39
2014-03-14 00:00,638.41,641.77,629.53,630.63,100,630.63
2014-03-15 00:00,630.59,634.1,625.01,628.56,100,628.56
2014-03-16 00:00,628.61,636.12,628.18,629.46,100,629.46
2014-03-17 00:00,629.41,631.44,616.43,619.17,100,619.17
2014-03-18 00:00,619.01,624.42,601.22,602.6,100,602.6
2014-03-19 00:00,602.9,621.64,599.93,612.81,100,612.81
2014-03-20 00:00,612.49,613.43,588.81,594.99,100,594.99
2014-03-21 00:00,594.66,605.31,563.79,575.83,100,575.83
2014-03-22 00:00,576.03,583.62,550.84,555.88,100,555.88
2014-03-23 00:00,555.55,569.71,553.16,561.2,100,561.2
2014-03-24 00:00,561.48,570.47,551.48,561.8,100,561.8
2014-03-25 00:00,561.99,588.14,559.85,574.28,100,574.28
2014-03-26 00:00,574.35,586.24,568.9,584.25,100,584.25
2014-03-27 00:00,584.33,590.27,478.1595,547.9,100,547.9
2014-03-28 00:00,547.35,549.81,471.03,501.73,100,501.73
2014-03-29 00:00,501.65,517.62,487.43,500.22,100,500.22
2014-03-30 00:00,499.6,501.52,458.21,464.58,100,464.58
2014-03-31 00:00,463.71,483.98,442.46,461.3,100,461.3
2014-04-01 00:00,463.12,500.71,449.84,480.75,100,480.75
2014-04-02 00:00,481.0,495.08,437.515,481.54,100,481.54
2014-04-03 00:00,481.51,481.51,414.41,430.99,100,430.99
2014-04-04 00:00,431.19,456.42,426.96,449.65,100,449.65
2014-04-05 00:00,448.26,456.09,435.06,450.39,100,450.39
2014-04-06 00:00,450.39,466.53,449.8,452.91,100,452.91
2014-04-07 00:00,452.91,461.8,451.92,456.64,100,456.64
2014-04-08 00:00,456.86,457.5,443.83,448.91,100,448.91
2014-04-09 00:00,449.36,453.56,441.75,444.09,100,444.09
2014-04-10 00:00,444.66,444.84,360.8407,410.21,100,410.21
2014-04-11 00:00,410.38,429.18,344.24,419.3,100,419.3
2014-04-12 00:00,420.8,438.97,413.81,416.48,100,416.48
2014-04-13 00:00,416.46,426.64,411.86,412.63,100,412.63
2014-04-14 00:00,412.52,471.04,394.34,457.73,100,457.73
2014-04-15 00:00,458.39,514.93,447.81,496.8,100,496.8
2014-04-16 00:00,496.95,543.48,488.68,507.9,100,507.9
2014-04-17 00:00,507.29,535.66,481.57,499.32,100,499.32
2014-04-18 00:00,499.58,503.68,468.33,471.17,100,471.17
2014-04-19 00:00,471.66,502.11,468.02,501.15,100,501.15
2014-04-20 00:00,501.18,511.87,492.68,499.97,100,499.97
2014-04-21 00:00,499.61,510.61,489.36,495.13,100,495.13
2014-04-22 00:00,495.39,499.39,484.429,488.67,100,488.67
2014-04-23 00:00,489.29,493.01,483.0,483.89,100,483.89
2014-04-24 00:00,483.84,489.34,477.66,486.7,100,486.7
2014-04-25 00:00,486.78,500.76,440.31,452.4,100,452.4
2014-04-26 00:00,452.25,463.26,447.66,450.8,100,450.8
2014-04-27 00:00,450.46,463.35,450.46,453.86,100,453.86
2014-04-28 00:00,453.85,453.98,421.33,437.52,100,437.52
2014-04-29 00:00,437.19,449.12,431.29,446.15,100,446.15
2014-04-30 00:00,446.21,448.69,433.07,444.08,100,444.08
2014-05-01 00:00,443.83,455.46,442.24,449.81,100,449.81
2014-05-02 00:00,449.5,459.71,440.12,441.37,100,441.37
2014-05-03 00:00,441.37,447.95,434.14,435.91,100,435.91
2014-05-04 00:00,435.68,439.74,428.52,432.09,100,432.09
2014-05-05 00:00,432.06,438.6,425.52,426.45,100,426.45
2014-05-06 00:00,425.67,432.41,418.11,429.04,100,429.04
2014-05-07 00:00,429.33,438.57,423.34,437.74,100,437.74
2014-05-08 00:00,437.33,446.66,435.343,441.58,100,441.58
2014-05-09 00:00,441.88,448.2,434.61,448.2,100,448.2
2014-05-10 00:00,448.24,451.71,445.56,448.15,100,448.15
2014-05-11 00:00,447.94,453.66,437.98,438.9,100,438.9
2014-05-12 00:00,438.73,440.32,430.53,437.99,100,437.99
2014-05-13 00:00,437.93,440.22,433.19,435.66,100,435.66
2014-05-14 00:00,435.58,442.49,435.17,440.61,100,440.61
2014-05-15 00:00,440.63,447.78,440.1,446.25,100,446.25
2014-05-16 00:00,446.25,447.1,442.05,446.36,100,446.36
2014-05-17 00:00,446.33,447.3,443.78,446.46,100,446.46
2014-05-18 00:00,446.6,446.64,444.59,445.33,100,445.33
2014-05-19 00:00,445.3,446.39,442.22,444.1,100,444.1
2014-05-20 00:00,444.1,464.66,443.69,464.3,100,464.3
2014-05-21 00:00,464.37,494.75,464.29,488.4,100,488.4
2014-05-22 00:00,488.33,519.29,487.71,515.22,100,515.22
2014-05-23 00:00,515.63,543.31,512.47,533.13,100,533.13
2014-05-24 00:00,532.9,532.9,511.91,518.35,100,518.35
2014-05-25 00:00,518.16,579.5,515.63,570.16,100,570.16
2014-05-26 00:00,571.12,590.11,562.4,582.19,100,582.19
2014-05-27 00:00,582.62,591.41,549.81,561.84,100,561.84
2014-05-28 00:00,561.0,581.3,560.57,569.57,100,569.57
2014-05-29 00:00,569.22,576.08,556.41,567.85,100,567.85
2014-05-30 00:00,567.51,612.75,561.97,604.76,100,604.76
2014-05-31 00:00,605.85,622.61,601.23,616.55,100,616.55
2014-06-01 00:00,616.64,655.18,616.41,653.41,100,653.41
2014-06-02 00:00,653.38,676.75,611.31,629.96,100,629.96
2014-06-03 00:00,630.2,675.91,621.69,665.25,100,665.25
2014-06-04 00:00,664.03,672.39,616.95,646.12,100,646.12
2014-06-05 00:00,646.43,665.14,635.86,658.78,100,658.78
2014-06-06 00:00,659.14,662.05,647.81,653.65,100,653.65
2014-06-07 00:00,654.74,656.15,635.85,650.31,100,650.31
2014-06-08 00:00,650.54,657.09,648.55,651.58,100,651.58
2014-06-09 00:00,651.56,655.09,637.63,646.53,100,646.53
2014-06-10 00:00,646.31,658.02,641.42,652.92,100,652.92
2014-06-11 00:00,652.18,654.96,627.9098,641.85,100,641.85
2014-06-12 00:00,641.64,643.8,622.77,623.63,100,623.63
2014-06-13 00:00,623.76,623.76,562.84,588.72,100,588.72
2014-06-14 00:00,588.65,598.28,554.25,554.25,100,554.25
2014-06-15 00:00,553.84,576.59,541.53,557.86,100,557.86
2014-06-16 00:00,557.09,606.86,555.25,592.85,100,592.85
2014-06-17 00:00,592.24,602.07,585.96,597.45,100,597.45
2014-06-18 00:00,597.25,614.17,595.97,605.92,100,605.92
2014-06-19 00:00,605.66,606.42,592.2648,603.64,100,603.64
2014-06-20 00:00,603.92,604.33,581.51,592.89,100,592.89
2014-06-21 00:00,592.9,593.72,581.31,591.25,100,591.25
2014-06-22 00:00,591.25,603.3,590.06,597.02,100,597.02
2014-06-23 00:00,597.48,599.79,581.03,587.84,100,587.84
2014-06-24 00:00,587.75,590.71,581.39,587.27,100,587.27
2014-06-25 00:00,587.26,587.55,559.59,567.98,100,567.98
2014-06-26 00:00,567.92,572.2,558.69,569.59,100,569.59
2014-06-27 00:00,569.56,588.61,568.69,587.48,100,587.48
2014-06-28 00:00,586.99,604.52,578.51,594.73,100,594.73
2014-06-29 00:00,594.76,599.27,590.4,592.82,100,592.82
2014-06-30 00:00,592.82,635.82,588.34,621.45,100,621.45
2014-07-01 00:00,621.66,654.77,618.57,649.15,100,649.15
2014-07-02 00:00,649.22,654.13,627.93,650.85,100,650.85
2014-07-03 00:00,650.62,653.82,638.47,640.49,100,640.49
2014-07-04 00:00,640.54,644.99,626.27,631.0,100,631.0
2014-07-05 00:00,630.94,632.85,624.7,629.6,100,629.6
2014-07-06 00:00,629.04,636.09,625.11,630.71,100,630.71
2014-07-07 00:00,630.56,633.38,612.78,612.78,100,612.78
2014-07-08 00:00,612.76,623.68,612.28,618.82,100,618.82
2014-07-09 00:00,618.89,624.03,616.35,622.42,100,622.42
2014-07-10 00:00,622.09,623.45,608.58,613.37,100,613.37
2014-07-11 00:00,613.41,628.95,613.08,625.22,100,625.22
2014-07-12 00:00,625.2,636.64,625.2,627.28,100,627.28
2014-07-13 00:00,627.34,635.12,626.77,630.11,100,630.11
2014-07-14 00:00,630.12,630.78,616.16,619.69,100,619.69
2014-07-15 00:00,619.59,622.6,617.48,621.13,100,621.13
2014-07-16 00:00,621.16,621.42,612.89,616.0,100,616.0
2014-07-17 00:00,615.73,626.28,612.0,625.93,100,625.93
2014-07-18 00:00,625.91,627.07,616.66,620.58,100,620.58
2014-07-19 00:00,620.4,628.78,620.28,625.06,100,625.06
2014-07-20 00:00,625.17,626.68,618.8,620.4,100,620.4
2014-07-21 00:00,620.42,621.66,616.25,619.78,100,619.78
2014-07-22 00:00,619.49,622.59,618.71,620.55,100,620.55
2014-07-23 00:00,620.55,620.9,617.38,619.77,100,619.77
2014-07-24 00:00,619.64,619.93,591.58,598.89,100,598.89
2014-07-25 00:00,598.75,606.22,593.79,599.64,100,599.64
2014-07-26 00:00,599.64,600.0,590.21,591.47,100,591.47
2014-07-27 00:00,591.47,598.24,590.9454,591.17,100,591.17
2014-07-28 00:00,591.24,592.85,571.85,579.13,100,579.13
2014-07-29 00:00,578.99,623.06,511.87,579.91,100,579.91
2014-07-30 00:00,580.41,583.22,569.76,573.76,100,573.76
2014-07-31 00:00,574.22,586.98,559.85,584.83,100,584.83
2014-08-01 00:00,584.94,601.94,581.35,598.94,100,598.94
2014-08-02 00:00,598.97,598.97,584.09,587.31,100,587.31
2014-08-03 00:00,587.21,590.28,577.82,587.01,100,587.01
2014-08-04 00:00,587.06,592.85,582.41,589.05,100,589.05
2014-08-05 00:00,589.09,591.24,580.07,583.52,100,583.52
2014-08-06 00:00,583.3,586.97,578.58,586.03,100,586.03
2014-08-07 00:00,586.05,588.22,580.97,587.93,100,587.93
2014-08-08 00:00,587.89,598.78,584.48,591.51,100,591.51
2014-08-09 00:00,591.4,592.37,585.1,587.26,100,587.26
2014-08-10 00:00,587.44,593.72,585.86,588.09,100,588.09
2014-08-11 00:00,588.07,589.87,579.19,579.19,100,579.19
2014-08-12 00:00,577.44,579.85,563.0,569.16,100,569.16
2014-08-13 00:00,569.08,571.22,524.45,535.37,100,535.37
2014-08-14 00:00,534.77,546.73,495.45,514.8,100,514.8
2014-08-15 00:00,514.8,519.0,483.58,493.32,100,493.32
2014-08-16 00:00,493.63,510.06,484.45,505.23,100,505.23
2014-08-17 00:00,505.21,522.25,488.42,490.23,100,490.23
2014-08-18 00:00,490.12,500.95,435.84,460.79,100,460.79
2014-08-19 00:00,461.25,482.17,447.85,481.64,100,481.64
2014-08-20 00:00,481.44,509.04,464.61,504.12,100,504.12
2014-08-21 00:00,504.23,532.99,503.83,521.59,100,521.59
2014-08-22 00:00,521.85,523.8,500.29,517.76,100,517.76
2014-08-23 00:00,517.7,519.41,500.39,501.27,100,501.27
2014-08-24 00:00,501.1,513.2,490.82,513.2,100,513.2
2014-08-25 00:00,513.32,513.46,497.88,501.65,100,501.65
2014-08-26 00:00,501.73,513.62,499.04,512.57,100,512.57
2014-08-27 00:00,512.37,521.59,507.51,513.31,100,513.31
2014-08-28 00:00,513.73,516.02,505.14,507.53,100,507.53
2014-08-29 00:00,507.66,512.3,502.64,510.15,100,510.15
2014-08-30 00:00,510.03,511.35,499.54,502.52,100,502.52
2014-08-31 00:00,502.5,503.53,475.29,479.17,100,479.17
2014-09-01 00:00,479.58,486.06,471.96,480.85,100,480.85
2014-09-02 00:00,480.97,483.06,471.07,482.81,100,482.81
2014-09-03 00:00,482.7,483.4,473.82,474.4,100,474.4
2014-09-04 00:00,474.31,494.29,472.8,486.85,100,486.85
2014-09-05 00:00,487.75,492.92,480.501,482.38,100,482.38
2014-09-06 00:00,482.61,485.02,478.89,483.64,100,483.64
2014-09-07 00:00,483.49,485.56,479.4833,483.1,100,483.1
2014-09-08 00:00,483.01,483.88,464.71,477.45,100,477.45
2014-09-09 00:00,476.29,477.4,464.78,468.81,100,468.81
2014-09-10 00:00,468.35,487.33,468.12,483.25,100,483.25
2014-09-11 00:00,483.28,484.4,471.25,472.57,100,472.57
2014-09-12 00:00,472.4,476.83,467.28,472.56,100,472.56
2014-09-13 00:00,472.8,479.26,471.21,477.77,100,477.77
2014-09-14 00:00,477.55,478.31,473.44,475.37,100,475.37
2014-09-15 00:00,475.52,476.63,471.3586,474.11,100,474.11
2014-09-16 00:00,474.02,474.9,465.98,467.08,100,467.08
2014-09-17 00:00,467.21,467.21,449.28,451.73,100,451.73
2014-09-18 00:00,451.85,456.28,411.93,419.17,100,419.17
2014-09-19 00:00,419.02,429.98,380.81,396.9,100,396.9
2014-09-20 00:00,396.95,423.19,386.14,405.56,100,405.56
2014-09-21 00:00,405.18,410.63,390.89,400.93,100,400.93
2014-09-22 00:00,400.9,405.25,391.01,398.71,100,398.71
2014-09-23 00:00,398.76,443.76,391.53,433.91,100,433.91
2014-09-24 00:00,433.0,443.75,419.17,426.72,100,426.72
2014-09-25 00:00,426.66,429.31,406.89,408.72,100,408.72
2014-09-26 00:00,408.69,414.33,396.21,402.77,100,402.77
2014-09-27 00:00,402.75,405.26,394.33,398.06,100,398.06
2014-09-28 00:00,398.09,400.54,378.74,379.27,100,379.27
2014-09-29 00:00,379.54,385.72,369.33,377.42,100,377.42
2014-09-30 00:00,377.11,384.52,371.05,384.31,100,384.31
2014-10-01 00:00,384.93,394.17,377.13,382.45,100,382.45
2014-10-02 00:00,382.4,382.8,370.34,373.91,100,373.91
2014-10-03 00:00,373.91,374.85,356.5566,359.46,100,359.46
2014-10-04 00:00,358.95,362.18,324.52,332.64,100,332.64
2014-10-05 00:00,332.61,339.7,286.56,305.22,100,305.22
2014-10-06 00:00,305.1,343.75,301.41,333.48,100,333.48
2014-10-07 00:00,331.52,339.33,316.97,327.19,100,327.19
2014-10-08 00:00,327.3,347.93,325.51,342.97,100,342.97
2014-10-09 00:00,343.11,382.79,343.11,375.11,100,375.11
2014-10-10 00:00,375.26,375.26,351.7,356.49,100,356.49
2014-10-11 00:00,356.47,365.97,350.66,358.4,100,358.4
2014-10-12 00:00,358.76,370.29,352.57,366.93,100,366.93
2014-10-13 00:00,366.9,383.72,366.64,383.08,100,383.08
2014-10-14 00:00,383.06,409.89,380.48,408.01,100,408.01
2014-10-15 00:00,407.66,407.77,386.6,388.94,100,388.94
2014-10-16 00:00,389.03,396.27,370.37,371.58,100,371.58
2014-10-17 00:00,372.01,382.23,369.53,378.2,100,378.2
2014-10-18 00:00,378.42,391.99,375.57,389.5,100,389.5
2014-10-19 00:00,389.63,393.12,383.67,387.43,100,387.43
2014-10-20 00:00,387.37,389.22,377.19,380.27,100,380.27
2014-10-21 00:00,380.16,388.97,377.36,383.18,100,383.18
2014-10-22 00:00,383.32,385.05,377.85,380.23,100,380.23
2014-10-23 00:00,380.32,381.03,355.8614,360.15,100,360.15
2014-10-24 00:00,361.09,361.09,351.21,355.91,100,355.91
2014-10-25 00:00,355.94,356.44,339.97,346.96,100,346.96
2014-10-26 00:00,346.86,358.04,343.45,351.55,100,351.55
2014-10-27 00:00,351.57,355.63,346.14,353.55,100,353.55
2014-10-28 00:00,353.56,354.76,348.02,351.79,100,351.79
2014-10-29 00:00,351.89,352.96,333.3788,339.81,100,339.81
2014-10-30 00:00,339.79,350.44,332.72,347.38,100,347.38
2014-10-31 00:00,347.38,350.05,335.7,338.19,100,338.19
2014-11-01 00:00,338.29,340.97,321.41,323.33,100,323.33
2014-11-02 00:00,323.36,328.8,319.41,324.43,100,324.43
2014-11-03 00:00,324.45,333.76,323.56,325.75,100,325.75
2014-11-04 00:00,325.91,330.28,321.01,326.08,100,326.08
2014-11-05 00:00,326.27,341.31,325.79,341.06,100,341.06
2014-11-06 00:00,341.08,351.61,336.08,349.57,100,349.57
2014-11-07 00:00,349.77,351.47,340.19,341.47,100,341.47
2014-11-08 00:00,341.0,345.91,340.61,343.71,100,343.71
2014-11-09 00:00,343.79,358.94,342.55,358.01,100,358.01
2014-11-10 00:00,357.59,374.73,357.45,369.48,100,369.48
2014-11-11 00:00,369.31,370.92,360.58,365.16,100,365.16
2014-11-12 00:00,365.03,431.99,364.84,424.65,100,424.65
2014-11-13 00:00,424.96,458.15,385.87,403.19,100,403.19
2014-11-14 00:00,403.32,425.07,381.94,393.28,100,393.28
2014-11-15 00:00,393.24,406.18,368.6,375.84,100,375.84
2014-11-16 00:00,376.46,393.29,372.79,386.23,100,386.23
2014-11-17 00:00,385.97,410.21,375.6,385.8,100,385.8
2014-11-18 00:00,385.54,390.78,369.7,375.91,100,375.91
2014-11-19 00:00,376.01,385.33,371.29,375.17,100,375.17
2014-11-20 00:00,375.04,379.2,353.52,356.4,100,356.4
2014-11-21 00:00,356.47,356.81,342.2,351.01,100,351.01
2014-11-22 00:00,350.97,363.78,348.18,356.39,100,356.39
2014-11-23 00:00,356.24,367.12,351.25,366.84,100,366.84
2014-11-24 00:00,367.37,388.73,365.15,377.32,100,377.32
2014-11-25 00:00,377.53,393.26,374.41,375.82,100,375.82
2014-11-26 00:00,375.44,377.74,366.22,367.17,100,367.17
2014-11-27 00:00,367.14,373.45,365.32,368.84,100,368.84
2014-11-28 00:00,368.93,381.37,358.18,381.18,100,381.18
2014-11-29 00:00,381.03,385.65,372.35,374.56,100,374.56
2014-11-30 00:00,374.61,381.75,373.56,376.94,100,376.94
2014-12-01 00:00,376.88,382.66,375.49,379.12,100,379.12
2014-12-02 00:00,379.03,383.72,377.71,380.74,100,380.74
2014-12-03 00:00,380.71,383.08,374.27,376.64,100,376.64
2014-12-04 00:00,376.6,378.2,367.46,371.1,100,371.1
2014-12-05 00:00,371.17,378.34,365.68,376.16,100,376.16
2014-12-06 00:00,376.03,377.78,371.03,374.28,100,374.28
2014-12-07 00:00,374.3,375.92,372.78,374.59,100,374.59
2014-12-08 00:00,374.56,375.15,360.9419,365.67,100,365.67
2014-12-09 00:00,365.55,365.85,344.29,350.67,100,350.67
2014-12-10 00:00,350.73,351.77,344.6171,346.49,100,346.49
2014-12-11 00:00,346.44,361.11,337.68,346.76,100,346.76
2014-12-12 00:00,346.99,354.23,346.47,351.76,100,351.76
2014-12-13 00:00,351.87,352.33,344.9,347.17,100,347.17
2014-12-14 00:00,347.16,353.23,345.75,350.76,100,350.76
2014-12-15 00:00,350.94,351.7,344.01,344.95,100,344.95
2014-12-16 00:00,344.9,345.71,326.0815,329.68,100,329.68
2014-12-17 00:00,329.68,333.26,314.58,320.44,100,320.44
2014-12-18 00:00,320.37,323.41,303.92,311.3,100,311.3
2014-12-19 00:00,311.13,317.74,306.47,317.36,100,317.36
2014-12-20 00:00,317.41,330.95,315.24,328.59,100,328.59
2014-12-21 00:00,328.29,330.03,317.62,321.5,100,321.5
2014-12-22 00:00,321.48,332.5,318.87,329.03,100,329.03
2014-12-23 00:00,328.91,335.95,328.22,333.43,100,333.43
2014-12-24 00:00,333.44,334.23,320.59,322.45,100,322.45
2014-12-25 00:00,322.4,322.51,317.08,318.37,100,318.37
2014-12-26 00:00,318.46,330.61,316.31,328.95,100,328.95
2014-12-27 00:00,328.95,328.95,312.16,315.6,100,315.6
2014-12-28 00:00,315.67,318.45,310.7,316.31,100,316.31
2014-12-29 00:00,315.79,319.78,312.46,313.0,100,313.0
2014-12-30 00:00,313.17,314.53,308.95,310.12,100,310.12
2014-12-31 00:00,310.12,317.77,309.42,317.62,100,317.62
2015-01-01 00:00,317.72,319.69,313.9247,314.3,100,314.3
2015-01-02 00:00,314.31,315.72,312.77,314.71,100,314.71
2015-01-03 00:00,314.7,314.9,279.8507,286.6,100,286.6
2015-01-04 00:00,286.42,288.28,257.09,263.33,100,263.33
2015-01-05 00:00,263.26,278.0,262.55,274.72,100,274.72
2015-01-06 00:00,274.8,287.21,271.11,285.07,100,285.07
2015-01-07 00:00,284.99,300.3,283.06,295.19,100,295.19
2015-01-08 00:00,295.03,295.3,282.58,284.55,100,284.55
2015-01-09 00:00,284.64,291.45,280.41,288.66,100,288.66
2015-01-10 00:00,288.41,289.67,272.86,274.22,100,274.22
2015-01-11 00:00,274.17,279.07,263.94,267.34,100,267.34
2015-01-12 00:00,267.49,271.79,264.26,267.62,100,267.62
2015-01-13 00:00,267.54,267.57,219.69,221.41,100,221.41
2015-01-14 00:00,221.6,226.98,170.21,172.71,100,172.71
2015-01-15 00:00,172.61,229.31,172.61,214.16,100,214.16
2015-01-16 00:00,213.76,222.01,199.18,207.86,100,207.86
2015-01-17 00:00,207.9,211.51,195.19,199.15,100,199.15
2015-01-18 00:00,199.23,218.98,194.55,209.85,100,209.85
2015-01-19 00:00,209.99,216.68,206.66,214.49,100,214.49
2015-01-20 00:00,214.13,214.41,204.8,210.63,100,210.63
2015-01-21 00:00,210.62,226.9,210.48,225.77,100,225.77
2015-01-22 00:00,225.89,236.84,225.16,232.61,100,232.61
2015-01-23 00:00,232.66,235.03,224.4,232.98,100,232.98
2015-01-24 00:00,233.04,248.44,230.21,247.67,100,247.67
2015-01-25 00:00,247.28,255.76,243.3,255.38,100,255.38
2015-01-26 00:00,256.07,307.97,255.8,272.66,100,272.66
2015-01-27 00:00,273.11,274.88,250.94,262.11,100,262.11
2015-01-28 00:00,261.99,265.14,225.27,231.02,100,231.02
2015-01-29 00:00,231.16,238.06,220.1,232.97,100,232.97
2015-01-30 00:00,232.87,242.72,216.9137,225.09,100,225.09
2015-01-31 00:00,225.13,233.53,216.11,217.13,100,217.13
2015-02-01 00:00,217.11,231.92,211.53,225.67,100,225.67
2015-02-02 00:00,225.72,242.22,222.22,238.66,100,238.66
2015-02-03 00:00,238.39,246.19,224.11,227.54,100,227.54
2015-02-04 00:00,227.46,230.02,220.72,227.04,100,227.04
2015-02-05 00:00,227.16,227.96,214.66,217.25,100,217.25
2015-02-06 00:00,217.4,225.54,216.37,223.04,100,223.04
2015-02-07 00:00,223.14,230.16,222.83,226.84,100,226.84
2015-02-08 00:00,226.72,229.33,219.96,223.13,100,223.13
2015-02-09 00:00,223.21,223.95,217.04,219.55,100,219.55
2015-02-10 00:00,219.55,222.21,215.45,220.89,100,220.89
2015-02-11 00:00,220.79,223.55,218.17,219.05,100,219.05
2015-02-12 00:00,219.09,222.22,217.62,221.93,100,221.93
2015-02-13 00:00,221.9,240.24,221.07,237.72,100,237.72
2015-02-14 00:00,237.88,260.46,236.03,257.38,100,257.38
2015-02-15 00:00,257.49,267.35,226.91,232.52,100,232.52
2015-02-16 00:00,232.59,239.59,228.31,233.34,100,233.34
2015-02-17 00:00,233.2,246.14,233.11,243.25,100,243.25
2015-02-18 00:00,243.08,244.35,231.75,236.33,100,236.33
2015-02-19 00:00,236.38,243.11,235.59,240.67,100,240.67
2015-02-20 00:00,240.68,247.14,239.22,243.97,100,243.97
2015-02-21 00:00,243.99,246.46,235.5299,245.77,100,245.77
2015-02-22 00:00,245.76,246.21,233.07,236.04,100,236.04
2015-02-23 00:00,236.04,239.63,231.77,239.35,100,239.35
2015-02-24 00:00,239.28,239.49,235.74,238.99,100,238.99
2015-02-25 00:00,238.95,239.06,235.55,237.7,100,237.7
2015-02-26 00:00,237.67,237.76,233.86,236.2,100,236.2
2015-02-27 00:00,236.21,257.5,235.87,252.2,100,252.2
2015-02-28 00:00,251.98,254.19,248.78,253.04,100,253.04
2015-03-01 00:00,253.17,260.64,244.97,257.87,100,257.87
2015-03-02 00:00,257.57,272.47,257.06,270.67,100,270.67
2015-03-03 00:00,270.42,286.28,267.04,282.95,100,282.95
2015-03-04 00:00,282.89,283.38,266.47,271.97,100,271.97
2015-03-05 00:00,272.02,280.4,263.63,275.94,100,275.94
2015-03-06 00:00,275.92,276.7,269.39,271.62,100,271.62
2015-03-07 00:00,271.63,277.7,269.62,276.12,100,276.12
2015-03-08 00:00,276.16,276.99,271.98,274.43,100,274.43
2015-03-09 00:00,274.32,291.96,274.0,289.69,100,289.69
2015-03-10 00:00,290.05,300.34,288.56,289.98,100,289.98
2015-03-11 00:00,290.02,296.74,288.88,295.91,100,295.91
2015-03-12 00:00,295.96,296.74,291.83,293.6,100,293.6
2015-03-13 00:00,293.64,293.99,281.3615,283.66,100,283.66
2015-03-14 00:00,283.7,286.19,280.27,281.05,100,281.05
2015-03-15 00:00,281.08,286.15,281.02,285.61,100,285.61
2015-03-16 00:00,285.65,293.93,285.65,289.68,100,289.68
2015-03-17 00:00,289.67,291.75,255.3662,283.78,100,283.78
2015-03-18 00:00,283.84,284.48,248.73,253.44,100,253.44
2015-03-19 00:00,253.37,263.09,246.78,260.44,100,260.44
2015-03-20 00:00,260.53,264.24,258.39,259.97,100,259.97
2015-03-21 00:00,259.95,262.14,254.79,259.83,100,259.83
2015-03-22 00:00,259.8,269.98,259.07,269.03,100,269.03
2015-03-23 00:00,268.96,270.04,245.4422,265.92,100,265.92
2015-03-24 00:00,265.88,265.88,242.88,245.0,100,245.0
2015-03-25 00:00,245.23,249.2,236.05,245.17,100,245.17
2015-03-26 00:00,245.19,254.44,244.72,247.23,100,247.23
2015-03-27 00:00,247.17,249.21,244.38,247.55,100,247.55
2015-03-28 00:00,247.57,254.11,247.5,251.93,100,251.93
2015-03-29 00:00,251.83,252.1,239.43,240.22,100,240.22
2015-03-30 00:00,240.01,248.6,236.44,247.15,100,247.15
2015-03-31 00:00,247.2,248.18,241.14,243.36,100,243.36
2015-04-01 00:00,243.24,247.49,240.13,247.45,100,247.45
2015-04-02 00:00,247.43,254.2,244.29,252.18,100,252.18
2015-04-03 00:00,252.12,255.75,251.17,253.68,100,253.68
2015-04-04 00:00,253.71,254.58,250.34,252.84,100,252.84
2015-04-05 00:00,252.84,260.33,251.12,260.2,100,260.2
2015-04-06 00:00,260.3,261.15,252.7965,253.69,100,253.69
2015-04-07 00:00,253.08,255.23,251.09,253.24,100,253.24
2015-04-08 00:00,253.09,253.38,242.59,245.25,100,245.25
2015-04-09 00:00,245.4,245.4,237.9,243.08,100,243.08
2015-04-10 00:00,243.08,243.08,231.78,235.57,100,235.57
2015-04-11 00:00,236.11,239.65,233.42,236.56,100,236.56
2015-04-12 00:00,236.64,237.11,223.4056,235.08,100,235.08
2015-04-13 00:00,235.11,236.79,220.58,223.77,100,223.77
2015-04-14 00:00,223.71,224.13,215.46,220.77,100,220.77
2015-04-15 00:00,220.76,226.4,218.56,226.15,100,226.15
2015-04-16 00:00,226.21,229.28,222.2325,226.8,100,226.8
2015-04-17 00:00,226.85,228.07,221.11,223.57,100,223.57
2015-04-18 00:00,223.56,223.87,220.12,223.02,100,223.02
2015-04-19 00:00,222.99,226.13,221.13,222.21,100,222.21
2015-04-20 00:00,222.24,226.22,221.92,225.35,100,225.35
2015-04-21 00:00,225.33,235.92,223.7,234.81,100,234.81
2015-04-22 00:00,234.89,238.18,232.2,234.13,100,234.13
2015-04-23 00:00,234.11,236.33,231.83,232.25,100,232.25
2015-04-24 00:00,232.17,234.05,225.8529,231.03,100,231.03
2015-04-25 00:00,231.08,231.36,218.05,218.75,100,218.75
2015-04-26 00:00,219.06,220.21,214.28,219.03,100,219.03
2015-04-27 00:00,219.09,232.54,217.5,227.31,100,227.31
2015-04-28 00:00,227.21,230.4,222.87,225.14,100,225.14
2015-04-29 00:00,225.19,226.92,223.21,225.67,100,225.67
2015-04-30 00:00,225.65,240.27,225.54,237.26,100,237.26
2015-05-01 00:00,237.42,239.34,231.91,233.5,100,233.5
2015-05-02 00:00,233.44,235.82,232.49,235.14,100,235.14
2015-05-03 00:00,235.12,243.62,234.7,239.72,100,239.72
2015-05-04 00:00,239.66,242.83,236.5532,238.66,100,238.66
2015-05-05 00:00,238.65,238.84,231.9,235.4,100,235.4
2015-05-06 00:00,235.41,236.19,228.74,230.21,100,230.21
2015-05-07 00:00,230.24,239.93,228.72,237.64,100,237.64
2015-05-08 00:00,237.58,246.08,236.09,244.02,100,244.02
2015-05-09 00:00,243.76,247.73,238.17,240.55,100,240.55
2015-05-10 00:00,240.61,244.28,237.76,240.41,100,240.41
2015-05-11 00:00,240.42,244.07,238.78,239.79,100,239.79
2015-05-12 00:00,239.72,242.3,235.7981,241.23,100,241.23
2015-05-13 00:00,241.24,243.65,234.1,235.71,100,235.71
2015-05-14 00:00,235.82,238.32,232.58,237.18,100,237.18
2015-05-15 00:00,237.2,238.64,235.64,236.88,100,236.88
2015-05-16 00:00,236.88,237.2,234.69,236.14,100,236.14
2015-05-17 00:00,236.29,237.59,235.42,236.29,100,236.29
2015-05-18 00:00,236.26,236.85,231.74,233.31,100,233.31
2015-05-19 00:00,233.36,234.0,231.75,232.58,100,232.58
2015-05-20 00:00,232.58,234.89,231.72,234.26,100,234.26
2015-05-21 00:00,234.25,236.7,233.84,235.69,100,235.69
2015-05-22 00:00,235.64,241.4,235.15,240.12,100,240.12
2015-05-23 00:00,240.12,241.68,238.09,239.87,100,239.87
2015-05-24 00:00,241.57,244.19,236.86,240.83,100,240.83
2015-05-25 00:00,240.82,241.58,236.67,237.95,100,237.95
2015-05-26 00:00,237.97,238.73,235.7,237.31,100,237.31
2015-05-27 00:00,237.28,238.8,236.43,237.59,100,237.59
2015-05-28 00:00,237.55,237.9,236.54,237.32,100,237.32
2015-05-29 00:00,237.32,237.42,235.44,235.82,100,235.82
2015-05-30 00:00,235.78,236.46,229.9992,233.33,100,233.33
2015-05-31 00:00,233.26,233.4,229.12,230.8,100,230.8
2015-06-01 00:00,230.79,231.78,221.71,223.41,100,223.41
2015-06-02 00:00,223.45,227.03,222.85,226.29,100,226.29
2015-06-03 00:00,226.28,227.39,223.8,225.5,100,225.5
2015-06-04 00:00,225.47,226.48,223.86,224.17,100,224.17
2015-06-05 00:00,224.12,226.03,223.08,224.57,100,224.57
2015-06-06 00:00,224.59,226.2,224.43,225.81,100,225.81
2015-06-07 00:00,225.79,226.33,222.81,223.72,100,223.72
2015-06-08 00:00,223.66,229.77,223.57,228.16,100,228.16
2015-06-09 00:00,228.17,231.16,227.95,229.16,100,229.16
2015-06-10 00:00,229.13,230.15,227.95,229.76,100,229.76
2015-06-11 00:00,229.87,230.39,229.32,229.91,100,229.91
2015-06-12 00:00,229.9,231.56,229.42,230.66,100,230.66
2015-06-13 00:00,230.69,233.14,230.06,233.14,100,233.14
2015-06-14 00:00,233.14,235.53,232.94,234.74,100,234.74
2015-06-15 00:00,234.76,238.6,234.46,237.38,100,237.38
2015-06-16 00:00,237.3,254.1,237.16,248.67,100,248.67
2015-06-17 00:00,248.69,257.87,246.39,247.23,100,247.23
2015-06-18 00:00,247.22,251.67,243.47,249.02,100,249.02
2015-06-19 00:00,249.02,250.56,240.13,240.13,100,240.13
2015-06-20 00:00,239.86,246.47,239.56,243.84,100,243.84
2015-06-21 00:00,243.69,245.32,241.57,245.19,100,245.19
2015-06-22 00:00,245.18,248.21,243.52,247.01,100,247.01
2015-06-23 00:00,247.0,247.02,240.2155,243.45,100,243.45
2015-06-24 00:00,243.49,244.0,239.93,241.02,100,241.02
2015-06-25 00:00,241.02,243.62,241.02,241.77,100,241.77
2015-06-26 00:00,241.8,242.92,240.67,242.44,100,242.44
2015-06-27 00:00,242.45,251.09,242.37,249.77,100,249.77
2015-06-28 00:00,249.78,250.0,246.67,249.54,100,249.54
2015-06-29 00:00,249.58,260.73,248.42,260.2,100,260.2
2015-06-30 00:00,259.99,268.23,259.59,260.38,100,260.38
2015-07-01 00:00,260.34,261.33,254.3505,258.8,100,258.8
2015-07-02 00:00,258.99,259.01,253.41,255.43,100,255.43
2015-07-03 00:00,255.42,256.07,252.29,254.46,100,254.46
2015-07-04 00:00,254.5,262.95,253.01,262.42,100,262.42
2015-07-05 00:00,262.26,273.82,257.67,268.28,100,268.28
2015-07-06 00:00,268.29,276.27,267.61,269.04,100,269.04
2015-07-07 00:00,269.0,269.17,263.11,264.76,100,264.76
2015-07-08 00:00,264.76,272.38,263.56,268.24,100,268.24
2015-07-09 00:00,268.26,271.98,267.07,269.38,100,269.38
2015-07-10 00:00,269.52,295.01,268.73,289.02,100,289.02
2015-07-11 00:00,288.92,303.01,287.91,300.03,100,300.03
2015-07-12 00:00,300.26,313.77,296.46,303.98,100,303.98
2015-07-14 00:00,303.68,305.39,277.76,290.27,100,290.27
2015-07-15 00:00,290.33,295.88,285.34,286.91,100,286.91
2015-07-16 00:00,287.09,292.33,277.8273,287.29,100,287.29
2015-07-17 00:00,287.25,287.74,274.43,277.86,100,277.86
2015-07-18 00:00,277.97,279.5,271.62,278.73,100,278.73
2015-07-19 00:00,278.85,282.31,273.08,275.29,100,275.29
2015-07-20 00:00,275.35,275.51,271.63,274.69,100,274.69
2015-07-21 00:00,274.8,280.47,272.06,279.31,100,279.31
2015-07-22 00:00,279.33,279.99,273.87,274.93,100,274.93
2015-07-23 00:00,274.94,277.49,274.27,276.81,100,276.81
2015-07-24 00:00,276.83,276.93,275.09,276.71,100,276.71
2015-07-25 00:00,276.75,289.58,276.34,287.62,100,287.62
2015-07-26 00:00,287.54,290.59,286.5,287.76,100,287.76
2015-07-27 00:00,287.64,292.73,287.23,291.25,100,291.25
2015-07-28 00:00,291.26,296.15,285.93,295.07,100,295.07
2015-07-29 00:00,295.08,295.38,292.08,292.1,100,292.1
2015-07-30 00:00,292.11,292.15,287.2898,289.1,100,289.1
2015-07-31 00:00,289.09,289.72,284.31,284.31,100,284.31
2015-08-01 00:00,284.17,285.23,280.0371,282.44,100,282.44
2015-08-02 00:00,282.33,282.33,276.69,277.02,100,277.02
2015-08-03 00:00,277.15,282.13,276.76,279.82,100,279.82
2015-08-04 00:00,279.85,284.79,279.85,282.38,100,282.38
2015-08-05 00:00,282.44,285.18,280.9,282.56,100,282.56
2015-08-06 00:00,282.64,282.93,280.09,280.34,100,280.34
2015-08-07 00:00,280.31,280.34,275.57,276.65,100,276.65
2015-08-08 00:00,276.65,279.72,275.49,277.31,100,277.31
2015-08-09 00:00,277.32,277.76,259.27,261.82,100,261.82
2015-08-10 00:00,261.89,266.8,260.73,264.67,100,264.67
2015-08-11 00:00,264.68,266.35,261.96,265.13,100,265.13
2015-08-12 00:00,265.12,271.2,264.17,268.14,100,268.14
2015-08-13 00:00,268.13,268.92,263.3371,264.2,100,264.2
2015-08-14 00:00,264.01,265.3,261.13,262.91,100,262.91
2015-08-15 00:00,262.98,267.06,260.7343,265.84,100,265.84
2015-08-16 00:00,265.84,265.99,259.42,260.17,100,260.17
2015-08-17 00:00,260.17,260.76,255.74,259.41,100,259.41
2015-08-18 00:00,259.41,259.41,254.98,255.43,100,255.43
2015-08-19 00:00,255.46,256.4,214.03,232.93,100,232.93
2015-08-20 00:00,232.82,236.12,220.75,232.89,100,232.89
2015-08-21 00:00,232.88,236.63,229.82,234.74,100,234.74
2015-08-22 00:00,234.8,235.86,229.85,231.54,100,231.54
2015-08-23 00:00,231.52,232.17,221.82,230.0,100,230.0
2015-08-24 00:00,229.97,231.37,221.42,221.42,100,221.42
2015-08-25 00:00,220.97,223.73,198.23,207.81,100,207.81
2015-08-26 00:00,207.55,226.28,206.61,222.08,100,222.08
2015-08-27 00:00,222.23,230.4,222.0,224.93,100,224.93
2015-08-28 00:00,224.89,228.03,219.91,224.08,100,224.08
2015-08-29 00:00,224.15,234.72,223.87,231.96,100,231.96
2015-08-30 00:00,232.04,232.22,227.0,229.75,100,229.75
2015-08-31 00:00,229.74,230.1,225.32,227.16,100,227.16
2015-09-01 00:00,227.2,231.88,224.81,229.17,100,229.17
2015-09-02 00:00,229.18,229.27,225.67,227.31,100,227.31
2015-09-03 00:00,227.3,230.06,226.27,226.57,100,226.57
2015-09-04 00:00,226.65,228.62,226.12,228.41,100,228.41
2015-09-05 00:00,228.44,230.61,228.05,229.73,100,229.73
2015-09-06 00:00,229.73,241.15,229.29,240.76,100,240.76
2015-09-07 00:00,240.76,243.14,237.56,239.5,100,239.5
2015-09-08 00:00,239.57,243.97,239.22,243.85,100,243.85
2015-09-09 00:00,243.81,245.83,240.5,240.55,100,240.55
2015-09-10 00:00,240.57,241.29,235.68,235.9,100,235.9
2015-09-11 00:00,235.98,240.83,235.98,240.11,100,240.11
2015-09-12 00:00,240.01,241.15,234.8185,239.22,100,239.22
2015-09-13 00:00,239.24,240.11,234.19,235.09,100,235.09
2015-09-14 00:00,235.08,235.13,227.78,228.65,100,228.65
2015-09-15 00:00,228.71,232.49,228.45,230.8,100,230.8
2015-09-16 00:00,230.79,231.56,228.7976,230.83,100,230.83
2015-09-17 00:00,230.77,230.77,226.69,229.23,100,229.23
2015-09-18 00:00,229.27,234.62,228.39,233.6,100,233.6
2015-09-19 00:00,233.59,234.24,231.76,232.39,100,232.39
2015-09-20 00:00,232.35,232.76,230.74,231.43,100,231.43
2015-09-21 00:00,231.49,232.08,226.42,227.14,100,227.14
2015-09-22 00:00,227.21,228.61,226.15,226.36,100,226.36
2015-09-23 00:00,226.29,232.11,224.6,231.13,100,231.13
2015-09-24 00:00,231.12,232.28,229.16,231.52,100,231.52
2015-09-25 00:00,231.46,235.9,230.78,235.3,100,235.3
2015-09-26 00:00,235.35,237.11,233.58,234.04,100,234.04
2015-09-27 00:00,234.03,234.83,233.18,234.37,100,234.37
2015-09-28 00:00,234.39,237.68,232.65,237.58,100,237.58
2015-09-29 00:00,237.55,240.32,237.04,239.69,100,239.69
2015-09-30 00:00,239.73,239.73,236.13,236.2,100,236.2
2015-10-01 00:00,236.22,237.79,235.44,236.24,100,236.24
2015-10-02 00:00,236.17,238.95,235.96,238.23,100,238.23
2015-10-03 00:00,238.15,238.83,236.98,237.65,100,237.65
2015-10-04 00:00,237.67,239.6,237.4,238.58,100,238.58
2015-10-05 00:00,238.58,239.22,238.24,238.35,100,238.35
2015-10-06 00:00,238.37,241.32,237.22,241.02,100,241.02
2015-10-07 00:00,241.04,247.57,240.76,246.13,100,246.13
2015-10-08 00:00,246.18,246.18,242.6905,244.6,100,244.6
2015-10-09 00:00,244.6,244.71,242.36,243.22,100,243.22
2015-10-10 00:00,243.24,245.02,242.74,244.06,100,244.06
2015-10-11 00:00,244.04,245.86,243.28,245.17,100,245.17
2015-10-12 00:00,245.16,248.22,244.77,247.33,100,247.33
2015-10-13 00:00,247.33,247.77,243.88,247.06,100,247.06
2015-10-14 00:00,247.13,251.26,246.77,251.19,100,251.19
2015-10-15 00:00,251.2,255.94,249.39,253.51,100,253.51
2015-10-16 00:00,253.56,256.87,252.89,256.86,100,256.86
2015-10-17 00:00,256.87,272.47,256.75,268.26,100,268.26
2015-10-18 00:00,268.26,274.54,262.9003,270.33,100,270.33
2015-10-19 00:00,270.08,271.21,261.38,263.42,100,263.42
2015-10-20 00:00,263.46,267.46,262.49,267.22,100,267.22
2015-10-21 00:00,267.28,272.22,265.61,268.33,100,268.33
2015-10-22 00:00,268.44,270.0,264.12,270.0,100,270.0
2015-10-23 00:00,270.07,279.1,270.07,279.1,100,279.1
2015-10-24 00:00,279.11,280.44,274.89,278.69,100,278.69
2015-10-25 00:00,278.7,291.43,278.61,289.3,100,289.3
2015-10-26 00:00,289.29,294.61,280.9,284.45,100,284.45
2015-10-27 00:00,284.51,291.78,282.47,289.58,100,289.58
2015-10-28 00:00,289.57,301.96,288.68,299.65,100,299.65
2015-10-29 00:00,299.63,306.63,297.7,305.11,100,305.11
2015-10-30 00:00,305.14,333.75,305.14,330.05,100,330.05
2015-10-31 00:00,329.86,332.14,313.39,326.03,100,326.03
2015-11-01 00:00,326.05,327.01,306.73,318.48,100,318.48
2015-11-02 00:00,318.38,330.29,311.57,329.42,100,329.42
2015-11-03 00:00,329.43,377.36,329.15,377.36,100,377.36
2015-11-04 00:00,377.0,440.15,364.03,433.73,100,433.73
2015-11-05 00:00,433.91,492.4,374.33,378.95,100,378.95
2015-11-06 00:00,379.1,417.01,353.62,370.75,100,370.75
2015-11-07 00:00,370.57,395.99,364.17,388.81,100,388.81
2015-11-08 00:00,388.47,392.29,376.6,384.33,100,384.33
2015-11-09 00:00,384.19,385.6,361.54,372.98,100,372.98
2015-11-10 00:00,373.24,386.63,369.57,377.83,100,377.83
2015-11-11 00:00,377.56,377.78,298.75,326.58,100,326.58
2015-11-12 00:00,326.32,345.6,300.74,344.36,100,344.36
2015-11-13 00:00,344.04,344.04,324.12,329.97,100,329.97
2015-11-14 00:00,330.77,340.38,325.74,334.9,100,334.9
2015-11-15 00:00,334.39,339.3,319.9283,334.66,100,334.66
2015-11-16 00:00,334.65,334.76,315.42,320.54,100,320.54
2015-11-17 00:00,320.58,340.35,318.36,332.37,100,332.37
2015-11-18 00:00,332.37,337.59,329.91,332.38,100,332.38
2015-11-19 00:00,332.51,337.16,326.315,334.18,100,334.18
2015-11-20 00:00,334.19,334.3,311.75,321.96,100,321.96
2015-11-21 00:00,321.87,328.33,318.82,328.22,100,328.22
2015-11-22 00:00,328.2,328.37,324.4,325.68,100,325.68
2015-11-23 00:00,325.68,325.91,320.99,323.15,100,323.15
2015-11-24 00:00,323.1,326.06,317.42,321.13,100,321.13
2015-11-25 00:00,321.21,322.93,316.26,318.52,100,318.52
2015-11-26 00:00,318.57,347.47,318.34,347.44,100,347.44
2015-11-27 00:00,346.95,368.51,340.7,362.63,100,362.63
2015-11-28 00:00,363.55,364.06,351.23,355.18,100,355.18
2015-11-29 00:00,355.16,358.96,351.86,357.21,100,357.21
2015-11-30 00:00,357.28,382.49,357.2,379.54,100,379.54
2015-12-01 00:00,379.44,380.77,356.69,359.27,100,359.27
2015-12-02 00:00,359.13,364.77,348.11,352.28,100,352.28
2015-12-03 00:00,352.29,370.8,351.58,358.4,100,358.4
2015-12-04 00:00,358.22,364.41,355.43,359.9,100,359.9
2015-12-05 00:00,359.92,374.78,357.8,374.64,100,374.64
2015-12-06 00:00,375.34,402.3,373.36,391.15,100,391.15
2015-12-07 00:00,391.43,398.39,383.67,394.85,100,394.85
2015-12-08 00:00,394.93,399.84,389.58,397.15,100,397.15
2015-12-09 00:00,397.15,422.9,394.59,421.0,100,421.0
2015-12-10 00:00,421.07,423.91,405.31,414.98,100,414.98
2015-12-11 00:00,415.03,436.55,413.67,436.5,100,436.5
2015-12-12 00:00,436.42,470.88,408.91,431.9,100,431.9
2015-12-13 00:00,431.86,439.06,420.11,433.85,100,433.85
2015-12-14 00:00,433.86,445.98,429.14,445.81,100,445.81
2015-12-15 00:00,445.68,459.18,440.8,455.64,100,455.64
2015-12-16 00:00,455.68,465.65,440.2,459.69,100,459.69
2015-12-17 00:00,459.71,461.6,447.14,457.85,100,457.85
2015-12-18 00:00,457.85,466.46,452.28,460.75,100,460.75
2015-12-19 00:00,460.76,465.99,458.11,464.68,100,464.68
2015-12-20 00:00,464.69,465.85,453.31,459.31,100,459.31
2015-12-21 00:00,458.59,459.13,425.03,442.85,100,442.85
2015-12-22 00:00,442.71,445.53,432.99,440.52,100,440.52
2015-12-23 00:00,440.55,441.19,433.77,440.2,100,440.2
2015-12-24 00:00,440.02,459.84,438.57,457.9,100,457.9
2015-12-25 00:00,457.9,458.67,450.65,453.2,100,453.2
2015-12-26 00:00,453.23,457.66,414.7,427.34,100,427.34
2015-12-27 00:00,426.94,426.94,406.39,424.2,100,424.2
2015-12-28 00:00,424.16,429.09,416.34,424.98,100,424.98
2015-12-29 00:00,424.77,426.11,417.23,422.58,100,422.58
2015-12-30 00:00,422.54,434.22,421.99,430.56,100,430.56
2015-12-31 00:00,430.59,432.05,417.7,423.56,100,423.56
2016-01-01 00:00,423.6,436.11,423.01,431.21,100,431.21
2016-01-02 00:00,431.27,436.19,427.32,433.69,100,433.69
2016-01-03 00:00,433.7,435.74,429.77,430.16,100,430.16
2016-01-04 00:00,430.12,432.71,424.15,431.69,100,431.69
2016-01-05 00:00,431.7,435.15,430.36,430.42,100,430.42
2016-01-06 00:00,430.38,433.05,426.17,430.65,100,430.65
2016-01-07 00:00,430.85,452.01,428.84,450.51,100,450.51
2016-01-08 00:00,450.54,463.95,450.15,455.37,100,455.37
2016-01-09 00:00,455.28,456.32,447.3,450.29,100,450.29
2016-01-10 00:00,450.25,452.73,441.29,442.26,100,442.26
2016-01-11 00:00,442.26,451.44,441.19,445.26,100,445.26
2016-01-12 00:00,445.43,448.93,432.884,445.69,100,445.69
2016-01-13 00:00,445.69,447.43,422.1,427.22,100,427.22
2016-01-14 00:00,427.28,433.67,424.14,429.02,100,429.02
2016-01-15 00:00,429.03,432.25,402.26,405.01,100,405.01
2016-01-16 00:00,404.94,405.27,353.28,369.24,100,369.24
2016-01-17 00:00,368.92,390.8,366.61,381.79,100,381.79
2016-01-18 00:00,381.82,387.23,374.48,382.03,100,382.03
2016-01-19 00:00,381.96,387.48,381.83,384.3,100,384.3
2016-01-20 00:00,384.28,386.64,374.22,380.85,100,380.85
2016-01-21 00:00,380.81,424.65,380.63,415.13,100,415.13
2016-01-22 00:00,414.72,416.49,381.761,394.13,100,394.13
2016-01-23 00:00,394.12,397.34,374.14,389.77,100,389.77
2016-01-24 00:00,389.74,401.9,381.19,399.41,100,399.41
2016-01-25 00:00,399.47,405.8,395.03,398.31,100,398.31
2016-01-26 00:00,398.28,399.57,386.52,393.38,100,393.38
2016-01-27 00:00,393.47,396.57,388.03,394.21,100,394.21
2016-01-28 00:00,393.95,396.21,377.09,382.56,100,382.56
2016-01-29 00:00,382.52,384.5,363.64,382.68,100,382.68
2016-01-30 00:00,382.58,383.05,372.18,376.35,100,376.35
2016-01-31 00:00,376.67,380.4,375.5,378.43,100,378.43
2016-02-01 00:00,378.45,378.7,364.29,375.23,100,375.23
2016-02-02 00:00,374.91,375.85,369.02,372.53,100,372.53
2016-02-03 00:00,372.73,374.83,367.57,371.63,100,371.63
2016-02-04 00:00,371.88,373.57,366.32,372.87,100,372.87
2016-02-05 00:00,372.92,391.27,372.84,389.24,100,389.24
2016-02-06 00:00,389.23,389.27,370.6,376.08,100,376.08
2016-02-07 00:00,376.11,379.54,372.42,379.5,100,379.5
2016-02-08 00:00,379.42,379.56,372.88,376.54,100,376.54
2016-02-09 00:00,376.53,376.62,370.77,374.24,100,374.24
2016-02-10 00:00,374.26,378.11,372.93,377.97,100,377.97
2016-02-11 00:00,377.83,383.56,376.37,378.93,100,378.93
2016-02-12 00:00,379.04,383.54,373.22,382.95,100,382.95
2016-02-13 00:00,382.9,390.93,380.95,388.82,100,388.82
2016-02-14 00:00,388.84,401.24,387.49,397.6,100,397.6
2016-02-15 00:00,397.39,410.24,395.69,404.27,100,404.27
2016-02-16 00:00,404.32,405.84,395.48,403.4,100,403.4
2016-02-17 00:00,403.43,416.09,403.31,416.09,100,416.09
2016-02-18 00:00,416.28,424.98,414.52,423.9,100,423.9
2016-02-19 00:00,423.71,423.82,415.68,421.05,100,421.05
2016-02-20 00:00,421.11,433.68,418.11,433.04,100,433.04
2016-02-21 00:00,433.07,448.29,428.48,434.06,100,434.06
2016-02-22 00:00,434.14,439.99,427.0,436.17,100,436.17
2016-02-23 00:00,436.3,440.7,418.11,423.12,100,423.12
2016-02-24 00:00,423.07,424.48,411.12,421.35,100,421.35
2016-02-25 00:00,421.34,427.03,418.19,421.66,100,421.66
2016-02-26 00:00,421.58,425.47,419.53,424.9,100,424.9
2016-02-27 00:00,424.9,434.77,423.03,431.31,100,431.31
2016-02-28 00:00,431.39,432.96,422.07,427.62,100,427.62
2016-02-29 00:00,427.64,441.65,427.53,436.6,100,436.6
2016-03-01 00:00,436.62,439.4,428.5,434.59,100,434.59
2016-03-02 00:00,434.56,435.31,421.598,429.37,100,429.37
2016-03-03 00:00,429.34,430.21,415.64,423.31,100,423.31
2016-03-04 00:00,423.4,423.52,407.982,419.43,100,419.43
2016-03-05 00:00,419.3,420.4,400.01,401.95,100,401.95
2016-03-06 00:00,402.06,406.86,388.96,404.53,100,404.53
2016-03-07 00:00,404.44,411.56,402.41,411.38,100,411.38
2016-03-08 00:00,411.32,415.51,408.28,409.51,100,409.51
2016-03-09 00:00,409.3,412.24,408.8,411.28,100,411.28
2016-03-10 00:00,411.27,413.78,410.71,413.72,100,413.72
2016-03-11 00:00,413.56,421.93,413.56,420.14,100,420.14
2016-03-12 00:00,420.1,421.21,410.132,413.35,100,413.35
2016-03-13 00:00,413.37,416.02,407.3,414.7,100,414.7
2016-03-14 00:00,414.61,415.41,411.43,414.9,100,414.9
2016-03-15 00:00,415.0,417.12,412.91,415.76,100,415.76
2016-03-16 00:00,415.72,416.07,412.6,415.1,100,415.1
2016-03-17 00:00,415.07,418.8,414.43,418.38,100,418.38
2016-03-18 00:00,418.26,419.51,408.036,414.65,100,414.65
2016-03-19 00:00,414.65,414.65,403.62,406.88,100,406.88
2016-03-20 00:00,406.92,411.36,403.34,410.21,100,410.21
2016-03-21 00:00,410.23,412.43,406.93,408.86,100,408.86
2016-03-22 00:00,408.89,417.15,408.83,415.7,100,415.7
2016-03-23 00:00,415.69,417.72,415.13,416.5,100,416.5
2016-03-24 00:00,416.54,418.55,413.49,416.16,100,416.16
2016-03-25 00:00,416.17,416.42,412.84,415.43,100,415.43
2016-03-26 00:00,415.41,417.32,414.96,415.44,100,415.44
2016-03-27 00:00,415.44,417.5,414.84,417.31,100,417.31
2016-03-28 00:00,417.31,427.0,417.03,423.24,100,423.24
2016-03-29 00:00,423.23,424.46,407.88,413.23,100,413.23
2016-03-30 00:00,413.4,415.8,410.4,412.36,100,412.36
2016-03-31 00:00,412.25,415.79,409.19,414.56,100,414.56
2016-04-01 00:00,414.6,416.94,414.09,415.66,100,415.66
2016-04-02 00:00,415.67,420.89,415.6,419.5,100,419.5
2016-04-03 00:00,419.47,419.83,417.87,418.42,100,418.42
2016-04-04 00:00,418.41,419.61,417.2,418.03,100,418.03
2016-04-05 00:00,418.03,423.24,417.59,421.85,100,421.85
2016-04-06 00:00,421.87,422.98,421.04,422.28,100,422.28
2016-04-07 00:00,422.46,422.65,418.75,420.42,100,420.42
2016-04-08 00:00,420.43,423.53,420.29,423.18,100,423.18
2016-04-09 00:00,423.21,423.56,413.16,417.83,100,417.83
2016-04-10 00:00,417.83,421.5,417.19,421.01,100,421.01
2016-04-11 00:00,421.06,421.97,419.38,421.55,100,421.55
2016-04-12 00:00,421.48,427.79,420.95,426.23,100,426.23
2016-04-13 00:00,426.08,427.1,422.92,424.1,100,424.1
2016-04-14 00:00,424.08,425.79,423.1,424.48,100,424.48
2016-04-15 00:00,424.49,429.6,424.15,428.81,100,428.81
2016-04-16 00:00,428.86,433.0,427.97,429.94,100,429.94
2016-04-17 00:00,430.05,431.68,427.44,428.34,100,428.34
2016-04-18 00:00,428.26,430.08,426.27,428.26,100,428.26
2016-04-19 00:00,428.26,429.73,427.17,429.34,100,429.34
2016-04-20 00:00,429.31,437.75,429.07,436.45,100,436.45
2016-04-21 00:00,436.45,445.29,436.44,442.83,100,442.83
2016-04-22 00:00,442.84,452.8,442.78,445.84,100,445.84
2016-04-23 00:00,445.86,449.79,445.71,449.57,100,449.57
2016-04-24 00:00,449.5,457.14,447.71,452.36,100,452.36
2016-04-25 00:00,452.34,461.16,450.29,461.14,100,461.14
2016-04-26 00:00,461.11,469.28,459.82,465.74,100,465.74
2016-04-27 00:00,465.72,470.16,445.012,454.92,100,454.92
2016-04-28 00:00,454.96,457.8,435.28,445.85,100,445.85
2016-04-29 00:00,445.95,451.44,445.71,450.3,100,450.3
2016-04-30 00:00,450.27,456.89,450.27,454.05,100,454.05
2016-05-01 00:00,454.05,454.55,447.84,453.5,100,453.5
2016-05-02 00:00,453.49,453.49,439.89,441.88,100,441.88
2016-05-03 00:00,441.79,448.4,441.09,447.84,100,447.84
2016-05-04 00:00,447.93,451.44,445.44,447.6,100,447.6
2016-05-05 00:00,447.62,449.13,445.83,448.19,100,448.19
2016-05-06 00:00,448.14,452.67,446.67,452.65,100,452.65
2016-05-07 00:00,452.65,462.76,452.31,458.4,100,458.4
2016-05-08 00:00,458.56,461.73,456.15,457.83,100,457.83
2016-05-09 00:00,457.81,460.78,457.14,460.02,100,460.02
2016-05-10 00:00,459.9,464.21,447.76,452.11,100,452.11
2016-05-11 00:00,452.23,454.94,449.6,453.66,100,453.66
2016-05-12 00:00,453.68,454.2,447.73,452.91,100,452.91
2016-05-13 00:00,452.92,455.15,449.99,454.4,100,454.4
2016-05-14 00:00,454.37,457.04,453.83,454.81,100,454.81
2016-05-15 00:00,454.83,456.79,454.38,456.19,100,456.19
2016-05-16 00:00,456.17,458.87,455.84,456.75,100,456.75
2016-05-17 00:00,456.73,457.9,451.33,454.08,100,454.08
2016-05-18 00:00,454.03,455.65,452.3,455.65,100,455.65
2016-05-19 00:00,455.64,455.73,436.729,448.58,100,448.58
2016-05-20 00:00,448.53,448.68,435.62,443.67,100,443.67
2016-05-21 00:00,443.71,443.71,439.29,443.09,100,443.09
2016-05-22 00:00,443.06,443.71,440.71,441.04,100,441.04
2016-05-23 00:00,441.06,442.65,437.38,442.42,100,442.42
2016-05-24 00:00,442.49,446.18,442.03,445.61,100,445.61
2016-05-25 00:00,445.65,449.98,444.83,447.93,100,447.93
2016-05-26 00:00,447.93,453.44,447.38,453.07,100,453.07
2016-05-27 00:00,453.05,479.39,452.03,472.98,100,472.98
2016-05-28 00:00,472.96,503.18,470.88,497.18,100,497.18
2016-05-29 00:00,496.91,531.7,496.23,522.0,100,522.0
2016-05-30 00:00,522.1,545.76,512.04,533.06,100,533.06
2016-05-31 00:00,532.38,546.85,526.37,529.16,100,529.16
2016-06-01 00:00,529.75,543.63,519.93,537.26,100,537.26
2016-06-02 00:00,537.28,540.68,532.69,533.68,100,533.68
2016-06-03 00:00,533.89,565.77,533.84,563.81,100,563.81
2016-06-04 00:00,563.83,591.03,563.83,576.67,100,576.67
2016-06-05 00:00,576.76,583.31,563.15,574.13,100,574.13
2016-06-06 00:00,573.64,586.16,568.33,584.7,100,584.7
2016-06-07 00:00,584.62,590.98,573.74,576.26,100,576.26
2016-06-08 00:00,576.13,582.18,565.16,576.83,100,576.83
2016-06-09 00:00,576.74,583.99,572.04,576.38,100,576.38
2016-06-10 00:00,576.37,579.89,573.67,576.8,100,576.8
2016-06-11 00:00,576.81,586.34,576.55,583.79,100,583.79
2016-06-12 00:00,583.8,652.53,583.46,648.79,100,648.79
2016-06-13 00:00,648.56,719.85,643.3,691.5,100,691.5
2016-06-14 00:00,692.34,706.94,672.66,674.42,100,674.42
2016-06-15 00:00,674.46,692.56,661.6,692.11,100,692.11
2016-06-16 00:00,692.1,750.37,689.21,741.52,100,741.52
2016-06-17 00:00,741.34,776.64,709.69,741.59,100,741.59
2016-06-18 00:00,741.55,771.88,727.75,768.33,100,768.33
2016-06-19 00:00,768.79,781.31,741.79,761.33,100,761.33
2016-06-20 00:00,761.27,765.93,726.09,743.3,100,743.3
2016-06-21 00:00,743.18,743.32,645.06,677.83,100,677.83
2016-06-22 00:00,677.94,682.42,602.887,627.84,100,627.84
2016-06-23 00:00,628.68,635.68,551.92,574.62,100,574.62
2016-06-24 00:00,576.27,680.19,576.27,651.79,100,651.79
2016-06-25 00:00,652.61,692.54,648.47,664.18,100,664.18
2016-06-26 00:00,660.63,671.2,615.77,628.36,100,628.36
2016-06-27 00:00,628.77,651.53,620.08,633.51,100,633.51
2016-06-28 00:00,633.67,661.35,633.57,649.6,100,649.6
2016-06-29 00:00,649.09,651.67,624.77,638.49,100,638.49
2016-06-30 00:00,638.31,673.35,634.3,668.3,100,668.3
2016-07-01 00:00,668.25,684.8,664.24,675.16,100,675.16
2016-07-02 00:00,675.25,697.93,672.59,693.02,100,693.02
2016-07-03 00:00,693.14,704.42,648.05,649.26,100,649.26
2016-07-04 00:00,650.01,682.12,646.74,670.41,100,670.41
2016-07-05 00:00,670.65,682.39,662.22,670.03,100,670.03
2016-07-06 00:00,670.79,680.23,665.87,672.83,100,672.83
2016-07-07 00:00,672.77,679.92,617.51,617.51,100,617.51
2016-07-08 00:00,617.11,655.3,611.26,652.57,100,652.57
2016-07-09 00:00,652.71,665.75,626.87,638.63,100,638.63
2016-07-10 00:00,638.88,656.35,635.12,647.63,100,647.63
2016-07-11 00:00,647.8,660.44,643.61,648.81,100,648.81
2016-07-12 00:00,648.8,674.48,646.54,670.4,100,670.4
2016-07-13 00:00,670.77,675.07,658.52,661.5,100,661.5
2016-07-14 00:00,661.5,663.65,651.49,663.59,100,663.59
2016-07-15 00:00,663.01,666.41,658.43,664.8,100,664.8
2016-07-16 00:00,664.58,668.23,658.25,662.84,100,662.84
2016-07-17 00:00,663.01,680.08,662.64,679.34,100,679.34
2016-07-18 00:00,679.41,682.19,672.17,675.2,100,675.2
2016-07-19 00:00,675.4,675.82,667.43,668.17,100,668.17
2016-07-20 00:00,668.21,674.63,662.61,666.78,100,666.78
2016-07-21 00:00,666.56,667.15,659.69,665.41,100,665.41
2016-07-22 00:00,665.47,667.2,650.64,657.22,100,657.22
2016-07-23 00:00,657.15,658.0,645.15,654.06,100,654.06
2016-07-24 00:00,654.09,663.44,652.33,662.19,100,662.19
2016-07-25 00:00,662.27,663.92,653.13,655.0,100,655.0
2016-07-26 00:00,655.13,657.13,644.65,654.1,100,654.1
2016-07-27 00:00,653.99,659.51,647.92,658.15,100,658.15
2016-07-28 00:00,658.22,658.63,654.16,655.23,100,655.23
2016-07-29 00:00,655.23,657.71,654.38,656.19,100,656.19
2016-07-30 00:00,656.18,658.28,654.976,656.19,100,656.19
2016-07-31 00:00,656.22,656.37,630.4,634.25,100,634.25
2016-08-01 00:00,634.21,634.59,607.374,618.84,100,618.84
2016-08-02 00:00,618.94,619.31,594.8,602.79,100,602.79
2016-08-03 00:00,602.82,603.0,508.48,570.4,100,570.4
2016-08-04 00:00,570.29,583.28,562.18,571.32,100,571.32
2016-08-05 00:00,571.43,582.65,560.74,573.31,100,573.31
2016-08-06 00:00,573.34,586.71,567.57,585.69,100,585.69
2016-08-07 00:00,585.68,598.64,583.31,589.43,100,589.43
2016-08-08 00:00,589.57,593.78,586.56,591.67,100,591.67
2016-08-09 00:00,591.7,593.3,583.83,586.08,100,586.08
2016-08-10 00:00,586.05,599.86,583.09,597.79,100,597.79
2016-08-11 00:00,597.8,598.94,586.525,590.83,100,590.83
2016-08-12 00:00,590.86,591.17,581.86,587.13,100,587.13
2016-08-13 00:00,587.2,589.14,583.62,586.44,100,586.44
2016-08-14 00:00,586.4,587.61,568.38,568.52,100,568.52
2016-08-15 00:00,568.58,574.4,560.2,564.69,100,564.69
2016-08-16 00:00,564.61,580.48,563.67,580.32,100,580.32
2016-08-17 00:00,580.32,580.51,568.48,569.57,100,569.57
2016-08-18 00:00,569.51,576.16,569.4,575.2,100,575.2
2016-08-19 00:00,575.25,575.89,571.54,574.69,100,574.69
2016-08-20 00:00,574.69,580.14,572.74,579.95,100,579.95
2016-08-21 00:00,579.94,583.95,579.2,579.75,100,579.75
2016-08-22 00:00,579.7,586.18,578.45,584.41,100,584.41
2016-08-23 00:00,584.41,586.72,578.11,580.92,100,580.92
2016-08-24 00:00,580.84,582.18,577.07,578.68,100,578.68
2016-08-25 00:00,578.73,579.88,573.09,574.54,100,574.54
2016-08-26 00:00,574.54,578.49,574.25,577.86,100,577.86
2016-08-27 00:00,577.87,578.79,566.45,569.26,100,569.26
2016-08-28 00:00,569.25,572.33,568.1,571.35,100,571.35
2016-08-29 00:00,571.32,575.36,571.1,573.76,100,573.76
2016-08-30 00:00,573.94,576.73,571.23,575.74,100,575.74
2016-08-31 00:00,575.73,577.4,570.8,572.05,100,572.05
2016-09-01 00:00,572.12,573.13,568.86,571.8,100,571.8
2016-09-02 00:00,571.96,575.26,569.3,573.11,100,573.11
2016-09-03 00:00,573.12,574.94,572.42,574.94,100,574.94
2016-09-04 00:00,574.94,612.39,574.87,609.88,100,609.88
2016-09-05 00:00,609.94,610.77,600.44,605.76,100,605.76
2016-09-06 00:00,605.72,610.16,604.21,609.15,100,609.15
2016-09-07 00:00,608.93,615.32,607.25,614.4,100,614.4
2016-09-08 00:00,614.39,628.75,613.13,622.65,100,622.65
2016-09-09 00:00,622.66,626.0,617.54,619.19,100,619.19
2016-09-10 00:00,619.22,623.86,619.18,622.66,100,622.66
2016-09-11 00:00,622.77,628.5,620.63,628.01,100,628.01
2016-09-12 00:00,627.8,627.8,595.43,606.1,100,606.1
2016-09-13 00:00,606.36,608.86,605.03,608.86,100,608.86
2016-09-14 00:00,608.9,609.63,605.44,608.51,100,608.51
2016-09-15 00:00,608.64,609.23,604.66,605.88,100,605.88
2016-09-16 00:00,605.82,608.54,605.0,606.59,100,606.59
2016-09-17 00:00,606.7,606.91,603.46,605.41,100,605.41
2016-09-18 00:00,605.24,608.84,604.63,608.6,100,608.6
2016-09-19 00:00,608.61,609.74,606.17,607.69,100,607.69
2016-09-20 00:00,607.7,608.74,599.4738,606.76,100,606.76
2016-09-21 00:00,607.02,608.0,590.87,594.5,100,594.5
2016-09-22 00:00,594.51,596.93,594.46,595.37,100,595.37
2016-09-23 00:00,595.16,601.29,593.75,600.27,100,600.27
2016-09-24 00:00,600.33,603.54,599.63,600.93,100,600.93
2016-09-25 00:00,600.88,601.98,597.65,598.74,100,598.74
2016-09-26 00:00,598.65,605.92,598.14,604.45,100,604.45
2016-09-27 00:00,604.82,607.55,602.19,605.39,100,605.39
2016-09-28 00:00,605.26,607.32,601.39,604.08,100,604.08
2016-09-29 00:00,604.08,605.47,602.48,604.79,100,604.79
2016-09-30 00:00,604.84,606.33,603.48,605.43,100,605.43
2016-10-01 00:00,605.44,615.09,605.42,614.27,100,614.27
2016-10-02 00:00,614.28,614.86,608.27,609.76,100,609.76
2016-10-03 00:00,609.73,612.61,609.46,611.62,100,611.62
2016-10-04 00:00,611.62,612.42,607.68,608.43,100,608.43
2016-10-05 00:00,608.53,612.78,607.91,610.79,100,610.79
2016-10-06 00:00,610.83,612.06,610.09,611.01,100,611.01
2016-10-07 00:00,610.99,617.27,609.8,615.66,100,615.66
2016-10-08 00:00,615.66,618.46,615.5,616.17,100,616.17
2016-10-09 00:00,616.35,616.7,614.58,615.39,100,615.39
2016-10-10 00:00,615.43,616.57,613.44,615.38,100,615.38
2016-10-11 00:00,615.38,639.97,615.25,639.09,100,639.09
2016-10-12 00:00,639.09,640.9,634.62,636.69,100,636.69
2016-10-13 00:00,636.75,637.79,633.82,635.36,100,635.36
2016-10-14 00:00,635.31,639.24,631.96,637.85,100,637.85
2016-10-15 00:00,637.86,639.98,637.23,638.19,100,638.19
2016-10-16 00:00,638.05,641.15,636.05,640.01,100,640.01
2016-10-17 00:00,639.99,640.84,636.27,636.9,100,636.9
2016-10-18 00:00,636.88,637.8,633.56,634.11,100,634.11
2016-10-19 00:00,634.12,636.36,625.28,626.89,100,626.89
2016-10-20 00:00,626.89,629.64,626.08,628.15,100,628.15
2016-10-21 00:00,628.15,632.3,628.08,630.18,100,630.18
2016-10-22 00:00,630.18,654.56,629.56,651.9,100,651.9
2016-10-23 00:00,652.0,654.8,647.73,648.83,100,648.83
2016-10-24 00:00,648.84,650.38,645.49,648.59,100,648.59
2016-10-25 00:00,648.33,655.46,647.76,653.98,100,653.98
2016-10-26 00:00,653.98,676.54,646.69,670.04,100,670.04
2016-10-27 00:00,670.17,685.23,667.91,681.78,100,681.78
2016-10-28 00:00,681.67,688.3,678.92,686.81,100,686.81
2016-10-29 00:00,686.03,718.73,686.03,717.56,100,717.56
2016-10-30 00:00,717.55,718.14,692.21,700.97,100,700.97
2016-10-31 00:00,701.01,707.44,682.08,703.79,100,703.79
2016-11-01 00:00,703.75,735.83,697.18,728.99,100,728.99
